open_timestamp_utc,close_timestamp_utc,open,high,low,close,volume
1555671600,1555675199,0.015487,0.01555,0.015448,0.015527,393.06
1555675200,1555678799,0.015566,0.015581,0.015471,0.015521,837.96
1555678800,1555682399,0.015529,0.015556,0.015478,0.015534,866.79
1555682400,1555685999,0.01553,0.015577,0.015496,0.015528,478.17
1555686000,1555689599,0.015528,0.015774,0.015528,0.01572,3431.44
1555689600,1555693199,0.015705,0.015712,0.015492,0.015557,3338.35
1555693200,1555696799,0.01555,0.015626,0.015511,0.015557,745.83
1555696800,1555700399,0.015548,0.01556,0.015407,0.01553,2782.26
1555700400,1555703999,0.015535,0.015566,0.015501,0.01552,197.04
1555704000,1555707599,0.015549,0.015591,0.015532,0.015545,512.46
1555707600,1555711199,0.015558,0.015576,0.015508,0.015552,454.24
1555711200,1555714799,0.015569,0.015599,0.015506,0.015556,1683.58
1555714800,1555718399,0.015549,0.015616,0.015523,0.01559,643.63
1555718400,1555721999,0.015601,0.01565,0.015501,0.015527,1336.55
1555722000,1555725599,0.015525,0.015588,0.015508,0.01555,204.71
1555725600,1555729199,0.01555,0.01558,0.015494,0.01555,1182.37
1555729200,1555732799,0.01554,0.015563,0.015487,0.015494,396.39
1555732800,1555736399,0.0155,0.01554,0.015492,0.015529,120.57
1555736400,1555739999,0.01552,0.015526,0.0155,0.015517,219.4
1555740000,1555743599,0.015517,0.015517,0.015462,0.015484,314.04
1555743600,1555747199,0.01548,0.0155,0.015433,0.01546,227.78
1555747200,1555750799,0.015451,0.015537,0.015391,0.015467,2235.91
1555750800,1555754399,0.015459,0.015459,0.0153,0.015327,917.3
1555754400,1555757999,0.015325,0.015325,0.01515,0.015231,2234.49
1555758000,1555761599,0.01524,0.015339,0.015239,0.015276,169.34
1555761600,1555765199,0.015277,0.01537,0.015277,0.015351,192.45
1555765200,1555768799,0.015341,0.015372,0.015271,0.01529,391.86
1555768800,1555772399,0.015291,0.01534,0.015231,0.01528,796.96
1555772400,1555775999,0.015284,0.01531,0.015244,0.01529,370.15
1555776000,1555779599,0.01525,0.0153,0.015241,0.015296,363.86
1555779600,1555783199,0.015296,0.015296,0.015222,0.015234,504.47
1555783200,1555786799,0.01522,0.015245,0.015173,0.01521,270.28
1555786800,1555790399,0.015219,0.01525,0.01519,0.01521,783.53
1555790400,1555793999,0.01521,0.01523,0.015201,0.01522,231.48
1555794000,1555797599,0.01523,0.01524,0.015158,0.01523,299.19
1555797600,1555801199,0.015231,0.01537,0.01523,0.015341,731.4
1555801200,1555804799,0.01534,0.015428,0.015314,0.015343,930.79
1555804800,1555808399,0.01534,0.015371,0.01528,0.015302,1363.71
1555808400,1555811999,0.0153,0.015329,0.015263,0.015274,343.09
1555812000,1555815599,0.015276,0.01529,0.01525,0.01525,192.1
1555815600,1555819199,0.015269,0.01529,0.015212,0.015221,437.04
1555819200,1555822799,0.01523,0.01525,0.015194,0.0152,1238.92
1555822800,1555826399,0.015201,0.01522,0.015153,0.01517,500.47
1555826400,1555829999,0.015171,0.01518,0.015133,0.015157,247.99
1555830000,1555833599,0.015152,0.015152,0.01508,0.015094,421.89
1555833600,1555837199,0.015081,0.01513,0.014857,0.014998,2750.21
1555837200,1555840799,0.014991,0.014991,0.01402,0.0144,11863.55
1555840800,1555844399,0.014375,0.014538,0.014324,0.01445,2539.38
1555844400,1555847999,0.014451,0.014451,0.014173,0.014358,3867.95
1555848000,1555851599,0.014348,0.014487,0.01423,0.014419,3904.46
1555851600,1555855199,0.01442,0.014499,0.014398,0.01444,1737.18
1555855200,1555858799,0.014447,0.014578,0.014409,0.014424,2327.34
1555858800,1555862399,0.014419,0.014454,0.014399,0.014444,797.58
1555862400,1555865999,0.01444,0.01445,0.014318,0.014331,1385.02
1555866000,1555869599,0.014334,0.014468,0.014334,0.014398,1094.49
1555869600,1555873199,0.014384,0.014429,0.01436,0.014398,464.79
1555873200,1555876799,0.01441,0.014438,0.014374,0.014415,823.07
1555876800,1555880399,0.014422,0.014503,0.01441,0.0145,432.1
1555880400,1555883999,0.014499,0.01452,0.01447,0.01452,275.76
1555884000,1555887599,0.014513,0.014622,0.014482,0.014586,794.16
1555887600,1555891199,0.01457,0.01462,0.01451,0.01462,982.17
1555891200,1555894799,0.01456,0.01459,0.0145,0.014573,696.84
1555894800,1555898399,0.014569,0.014589,0.014461,0.014481,860.6
1555898400,1555901999,0.014486,0.014486,0.014405,0.01447,309.72
1555902000,1555905599,0.01445,0.014489,0.01441,0.01441,1343.0
1555905600,1555909199,0.0144,0.014406,0.014325,0.014397,825.74
1555909200,1555912799,0.014398,0.014441,0.01435,0.014368,1303.22
1555912800,1555916399,0.014366,0.014427,0.014366,0.0144,205.51
1555916400,1555919999,0.0144,0.014425,0.01437,0.014423,380.42
1555920000,1555923599,0.014407,0.014517,0.014407,0.0145,236.18
1555923600,1555927199,0.014498,0.014559,0.01446,0.014548,726.46
1555927200,1555930799,0.01454,0.014673,0.0145,0.01463,768.58
1555930800,1555934399,0.014644,0.014659,0.01453,0.01458,438.22
1555934400,1555937999,0.014574,0.0146,0.014472,0.014489,932.73
1555938000,1555941599,0.014489,0.0145,0.01443,0.01446,421.95
1555941600,1555945199,0.014451,0.01452,0.014427,0.014468,1498.19
1555945200,1555948799,0.01446,0.014557,0.01437,0.014394,2709.15
1555948800,1555952399,0.01439,0.01443,0.01436,0.0144,822.56
1555952400,1555955999,0.01441,0.01448,0.014301,0.014301,2444.44
1555956000,1555959599,0.014321,0.014327,0.014231,0.014231,1756.01
1555959600,1555963199,0.01424,0.01443,0.014217,0.01443,2760.15
1555963200,1555966799,0.014458,0.014458,0.014293,0.014355,3891.61
1555966800,1555970399,0.01436,0.014396,0.014322,0.014367,214.86
1555970400,1555973999,0.014373,0.014387,0.014336,0.014336,211.7
1555974000,1555977599,0.014353,0.014353,0.01425,0.01425,1180.25
1555977600,1555981199,0.01426,0.014272,0.014226,0.014262,483.66
1555981200,1555984799,0.01426,0.01428,0.014224,0.01428,465.87
1555984800,1555988399,0.01427,0.014337,0.014263,0.0143,491.81
1555988400,1555991999,0.01429,0.01431,0.014144,0.01415,1553.51
1555992000,1555995599,0.014154,0.01431,0.013701,0.014244,14011.11
1555995600,1555999199,0.014246,0.014266,0.014117,0.014142,1569.91
1555999200,1556002799,0.014147,0.01426,0.014112,0.014196,2990.71
1556002800,1556006399,0.014181,0.014271,0.01418,0.014261,1868.51
1556006400,1556009999,0.01426,0.01432,0.014192,0.014209,363.95
1556010000,1556013599,0.014211,0.01424,0.014191,0.014226,694.14
1556013600,1556017199,0.014225,0.01423,0.014128,0.014142,688.85
1556017200,1556020799,0.014145,0.014168,0.014071,0.014099,1063.6
1556020800,1556024399,0.0141,0.014107,0.014041,0.014042,882.08
1556024400,1556027999,0.014052,0.014061,0.01394,0.01397,2071.77
1556028000,1556031599,0.01397,0.014083,0.013952,0.01405,2049.94
1556031600,1556035199,0.014057,0.014057,0.013913,0.013935,1532.14
1556035200,1556038799,0.013935,0.013965,0.013912,0.01392,868.15
1556038800,1556042399,0.013911,0.013918,0.013781,0.013869,3818.06
1556042400,1556045999,0.013859,0.013868,0.013796,0.013813,1247.46
1556046000,1556049599,0.01382,0.01387,0.013797,0.01386,954.59
1556049600,1556053199,0.013861,0.013861,0.013777,0.013796,802.11
1556053200,1556056799,0.0138,0.01381,0.01371,0.013711,709.3
1556056800,1556060399,0.013725,0.013746,0.013509,0.013702,7456.36
1556060400,1556063999,0.013701,0.013746,0.013348,0.0134,3987.69
1556064000,1556067599,0.01339,0.01353,0.01339,0.013489,1629.51
1556067600,1556071199,0.013489,0.013522,0.012845,0.013079,15532.28
1556071200,1556074799,0.01308,0.013237,0.013066,0.0132,2549.39
1556074800,1556078399,0.013222,0.01333,0.013175,0.013245,2665.92
1556078400,1556081999,0.013245,0.01327,0.013135,0.013218,1384.63
1556082000,1556085599,0.013229,0.013255,0.0132,0.01321,663.17
1556085600,1556089199,0.01321,0.013251,0.013144,0.013175,1481.36
1556089200,1556092799,0.013179,0.013184,0.0129,0.013158,7014.13
1556092800,1556096399,0.013153,0.013298,0.013093,0.013237,4087.74
1556096400,1556099999,0.013225,0.013225,0.013102,0.013113,1054.42
1556100000,1556103599,0.013112,0.01322,0.013072,0.0132,2794.82
1556103600,1556107199,0.013197,0.013407,0.013172,0.013356,2261.35
1556107200,1556110799,0.013351,0.013396,0.013301,0.013305,1188.94
1556110800,1556114399,0.013306,0.013307,0.013151,0.013178,2397.62
1556114400,1556117999,0.013179,0.013319,0.013136,0.013267,1144.07
1556118000,1556121599,0.013271,0.013346,0.013225,0.013251,1478.25
1556121600,1556125199,0.01325,0.01327,0.0131,0.013156,2483.99
1556125200,1556128799,0.013159,0.013255,0.013159,0.013191,1533.72
1556128800,1556132399,0.0132,0.013296,0.013087,0.01326,2888.15
1556132400,1556135999,0.01327,0.013356,0.01326,0.013316,2063.53
1556136000,1556139599,0.013311,0.01338,0.0133,0.01334,377.78
1556139600,1556143199,0.01334,0.01336,0.013297,0.01331,318.28
1556143200,1556146799,0.013303,0.01343,0.013303,0.01343,914.02
1556146800,1556150399,0.013424,0.013486,0.013363,0.013445,1694.36
1556150400,1556153999,0.01345,0.01361,0.013443,0.01352,1815.48
1556154000,1556157599,0.013513,0.013563,0.013473,0.013545,927.74
1556157600,1556161199,0.013548,0.013557,0.01342,0.01343,801.21
1556161200,1556164799,0.01343,0.013449,0.01337,0.01342,544.94
1556164800,1556168399,0.013427,0.013534,0.013427,0.013462,700.76
1556168400,1556171999,0.01346,0.013479,0.013427,0.013476,192.22
1556172000,1556175599,0.013474,0.013474,0.013391,0.0134,222.65
1556175600,1556179199,0.013408,0.013437,0.01338,0.013411,125.6
1556179200,1556182799,0.013426,0.013447,0.0134,0.013438,128.68
1556182800,1556186399,0.013421,0.01348,0.01337,0.013476,717.51
1556186400,1556189999,0.013476,0.013712,0.013476,0.013583,1628.8
1556190000,1556193599,0.01358,0.013601,0.01355,0.013581,564.76
1556193600,1556197199,0.013582,0.013582,0.013531,0.013545,267.7
1556197200,1556200799,0.01354,0.01356,0.01352,0.01356,137.21
1556200800,1556204399,0.01356,0.013642,0.01354,0.013577,1128.53
1556204400,1556207999,0.01357,0.013603,0.013547,0.013569,412.73
1556208000,1556211599,0.013559,0.013596,0.01353,0.013565,421.51
1556211600,1556215199,0.013533,0.013533,0.01342,0.013427,700.92
1556215200,1556218799,0.01343,0.013433,0.0134,0.013433,151.34
1556218800,1556222399,0.013432,0.013471,0.01343,0.013457,938.68
1556222400,1556225999,0.01346,0.013508,0.013457,0.013476,529.29
1556226000,1556229599,0.01347,0.013502,0.013448,0.01349,385.72
1556229600,1556233199,0.01349,0.013951,0.01347,0.013876,10599.48
1556233200,1556236799,0.013862,0.013883,0.01371,0.013751,1896.98
1556236800,1556240399,0.01377,0.01378,0.013622,0.013678,3152.16
1556240400,1556243999,0.013691,0.0137,0.013642,0.013671,997.75
1556244000,1556247599,0.013651,0.013955,0.01365,0.013829,6955.5
1556247600,1556251199,0.013828,0.01387,0.01378,0.01383,1231.47
1556251200,1556254799,0.01384,0.01389,0.013705,0.013755,1368.96
1556254800,1556258399,0.013755,0.013799,0.013706,0.013743,792.67
1556258400,1556261999,0.013725,0.01374,0.013676,0.013682,2875.47
1556262000,1556265599,0.013718,0.013861,0.0137,0.013814,761.35
1556265600,1556269199,0.01382,0.013918,0.013745,0.013765,1199.66
1556269200,1556272799,0.01376,0.01376,0.01372,0.013745,414.63
1556272800,1556276399,0.013725,0.013779,0.01372,0.01375,644.1
1556276400,1556279999,0.013764,0.013834,0.013755,0.01378,1363.28
1556280000,1556283599,0.01378,0.013871,0.01377,0.013804,988.8
1556283600,1556287199,0.013804,0.013819,0.01377,0.01381,537.23
1556287200,1556290799,0.01381,0.01381,0.013741,0.01375,792.55
1556290800,1556294399,0.013748,0.01376,0.01368,0.01374,1124.3
1556294400,1556297999,0.013711,0.0139,0.013702,0.01385,1951.34
1556298000,1556301599,0.013847,0.013925,0.01383,0.013885,935.56
1556301600,1556305199,0.01387,0.01389,0.013811,0.01385,1213.11
1556305200,1556308799,0.013831,0.01387,0.01378,0.013816,832.29
1556308800,1556312399,0.013827,0.013872,0.013814,0.013846,1202.16
1556312400,1556315999,0.013847,0.01393,0.013847,0.013912,1083.69
1556316000,1556319599,0.01392,0.013939,0.013821,0.013821,697.71
1556319600,1556323199,0.013821,0.01393,0.013821,0.0139,874.9
1556323200,1556326799,0.01388,0.013899,0.013849,0.013859,218.4
1556326800,1556330399,0.013858,0.013879,0.013821,0.013821,321.03
1556330400,1556333999,0.013824,0.01384,0.0138,0.0138,114.01
1556334000,1556337599,0.013801,0.013847,0.01379,0.013833,626.68
1556337600,1556341199,0.013845,0.01386,0.013801,0.01384,990.06
1556341200,1556344799,0.01384,0.013856,0.01383,0.01384,311.97
1556344800,1556348399,0.013845,0.013845,0.0138,0.01381,225.52
1556348400,1556351999,0.01381,0.013824,0.01377,0.01379,453.46
1556352000,1556355599,0.013789,0.01379,0.01375,0.013751,346.69
1556355600,1556359199,0.013751,0.01379,0.01375,0.01376,66.47
1556359200,1556362799,0.013751,0.013784,0.01375,0.013761,144.35
1556362800,1556366399,0.013762,0.013795,0.01375,0.013751,877.17
1556366400,1556369999,0.013751,0.013771,0.01372,0.013721,168.54
1556370000,1556373599,0.01372,0.013758,0.01371,0.013745,1571.81
1556373600,1556377199,0.01375,0.01379,0.01373,0.01373,270.58
1556377200,1556380799,0.01374,0.013772,0.013729,0.013753,346.81
1556380800,1556384399,0.01376,0.013767,0.01373,0.013757,214.95
1556384400,1556387999,0.013747,0.01377,0.0137,0.013763,1652.78
1556388000,1556391599,0.013764,0.013787,0.013754,0.013755,238.83
1556391600,1556395199,0.013756,0.013781,0.013674,0.013674,523.25
1556395200,1556398799,0.013671,0.01368,0.013601,0.01361,495.87
1556398800,1556402399,0.01361,0.013629,0.013577,0.0136,819.28
1556402400,1556405999,0.0136,0.013647,0.013599,0.013614,494.08
1556406000,1556409599,0.01362,0.013675,0.013552,0.013634,2592.33
1556409600,1556413199,0.01365,0.013655,0.013596,0.01362,98.69
1556413200,1556416799,0.013615,0.013627,0.01351,0.013565,1212.66
1556416800,1556420399,0.01355,0.013566,0.013452,0.013561,2398.2
1556420400,1556423999,0.013564,0.013633,0.013558,0.013628,683.06
1556424000,1556427599,0.013628,0.013635,0.013585,0.013597,383.38
1556427600,1556431199,0.013594,0.013594,0.013485,0.013529,1751.35
1556431200,1556434799,0.013529,0.013536,0.013439,0.013459,2730.49
1556434800,1556438399,0.013449,0.013531,0.013449,0.01353,324.24
1556438400,1556441999,0.013535,0.01354,0.01351,0.01353,114.71
1556442000,1556445599,0.01353,0.01353,0.013486,0.01349,360.84
1556445600,1556449199,0.013484,0.013583,0.013484,0.01355,141.26
1556449200,1556452799,0.01355,0.013587,0.01351,0.01356,141.24
1556452800,1556456399,0.01356,0.013562,0.01347,0.013508,286.47
1556456400,1556459999,0.013492,0.01352,0.01305,0.013203,7564.1
1556460000,1556463599,0.01319,0.013338,0.013049,0.013189,7399.65
1556463600,1556467199,0.013189,0.013245,0.013149,0.01321,1279.82
1556467200,1556470799,0.01322,0.01322,0.01306,0.01314,2977.56
1556470800,1556474399,0.013128,0.01317,0.0131,0.01315,1327.74
1556474400,1556477999,0.013129,0.013169,0.013092,0.013134,1048.07
1556478000,1556481599,0.013141,0.01318,0.013007,0.01309,2283.58
1556481600,1556485199,0.01309,0.013169,0.013078,0.013141,646.82
1556485200,1556488799,0.01314,0.01314,0.013051,0.013052,677.24
1556488800,1556492399,0.013052,0.01314,0.013052,0.013116,805.53
1556492400,1556495999,0.01312,0.013179,0.013106,0.013141,693.68
1556496000,1556499599,0.013141,0.013169,0.013102,0.013103,1145.91
1556499600,1556503199,0.0131,0.01311,0.013061,0.013061,75.14
1556503200,1556506799,0.01306,0.01314,0.013057,0.01313,235.02
1556506800,1556510399,0.01312,0.01318,0.013096,0.01318,423.03
1556510400,1556513999,0.01316,0.013173,0.01314,0.013167,313.33
1556514000,1556517599,0.013172,0.013196,0.01316,0.013162,120.78
1556517600,1556521199,0.01317,0.01317,0.013121,0.013123,238.92
1556521200,1556524799,0.013127,0.013184,0.013126,0.01316,229.59
1556524800,1556528399,0.013175,0.013176,0.013132,0.01314,46.3
1556528400,1556531999,0.013145,0.013145,0.013096,0.01311,194.68
1556532000,1556535599,0.01311,0.013114,0.012981,0.01299,1058.11
1556535600,1556539199,0.012988,0.01302,0.01298,0.013,232.97
1556539200,1556542799,0.013,0.013,0.012735,0.01281,4244.54
1556542800,1556546399,0.012816,0.012942,0.01276,0.012905,2533.97
1556546400,1556549999,0.0129,0.0129,0.012812,0.012822,1204.39
1556550000,1556553599,0.012825,0.012939,0.012816,0.012858,322.04
1556553600,1556557199,0.01286,0.012888,0.012817,0.012841,250.42
1556557200,1556560799,0.012841,0.01293,0.01283,0.012912,1002.76
1556560800,1556564399,0.01292,0.012928,0.012863,0.012892,561.12
1556564400,1556567999,0.01291,0.01293,0.012871,0.012913,466.65
1556568000,1556571599,0.01292,0.012941,0.01287,0.01288,702.22
1556571600,1556575199,0.01288,0.012931,0.012841,0.012841,997.55
1556575200,1556578799,0.012847,0.01285,0.012792,0.012821,446.91
1556578800,1556582399,0.012821,0.01292,0.01278,0.01292,2815.5
1556582400,1556585999,0.01293,0.013265,0.01293,0.0131,4179.32
1556586000,1556589599,0.01309,0.013251,0.01308,0.01323,2779.56
1556589600,1556593199,0.01324,0.013349,0.013218,0.01329,4954.72
1556593200,1556596799,0.01329,0.01331,0.013168,0.01321,1422.29
1556596800,1556600399,0.01321,0.01321,0.01314,0.01314,134.3
1556600400,1556603999,0.01314,0.013214,0.01314,0.013171,363.44
1556604000,1556607599,0.01318,0.013257,0.013169,0.01324,264.22
1556607600,1556611199,0.013241,0.01326,0.01322,0.01324,524.16
1556611200,1556614799,0.013259,0.0133,0.01322,0.013254,497.29
1556614800,1556618399,0.01326,0.01328,0.01318,0.013255,533.46
1556618400,1556621999,0.01328,0.013574,0.01328,0.01352,1493.58
1556622000,1556625599,0.01352,0.01375,0.01352,0.01375,1223.37
1556625600,1556629199,0.01372,0.01373,0.013589,0.01362,988.91
1556629200,1556632799,0.013615,0.013734,0.01355,0.01361,1593.78
1556632800,1556636399,0.013609,0.013759,0.013609,0.01364,2972.21
1556636400,1556639999,0.01364,0.013726,0.013608,0.01372,607.48
1556640000,1556643599,0.013724,0.013782,0.01362,0.013688,811.79
1556643600,1556647199,0.013691,0.013853,0.013691,0.01375,1333.16
1556647200,1556650799,0.01374,0.013759,0.01361,0.01372,1179.13
1556650800,1556654399,0.01372,0.01383,0.013681,0.013688,1578.69
1556654400,1556657999,0.01368,0.01383,0.01368,0.0138,1527.06
1556658000,1556661599,0.013801,0.013895,0.013786,0.01387,1401.74
1556661600,1556665199,0.01389,0.01397,0.01385,0.01396,2493.7
1556665200,1556668799,0.01397,0.014008,0.01388,0.01394,2849.18
1556668800,1556672399,0.01393,0.0141,0.013894,0.01392,4108.69
1556672400,1556675999,0.01392,0.013963,0.01379,0.01379,1677.76
1556676000,1556679599,0.013782,0.013835,0.013757,0.013776,975.18
1556679600,1556683199,0.01376,0.013762,0.013681,0.01375,2091.22
1556683200,1556686799,0.01374,0.01375,0.01364,0.01375,2191.32
1556686800,1556690399,0.013756,0.01376,0.013704,0.01376,397.16
1556690400,1556693999,0.01376,0.013797,0.013714,0.013792,328.35
1556694000,1556697599,0.013797,0.013797,0.01374,0.01374,238.83
1556697600,1556701199,0.013738,0.013738,0.013551,0.01359,2353.97
1556701200,1556704799,0.01359,0.01365,0.013588,0.01365,401.06
1556704800,1556708399,0.013634,0.01365,0.013599,0.01365,1127.16
1556708400,1556711999,0.01366,0.0137,0.01361,0.013651,1037.99
1556712000,1556715599,0.013632,0.01364,0.01347,0.01353,2882.77
1556715600,1556719199,0.01353,0.01353,0.013426,0.01352,1203.26
1556719200,1556722799,0.01353,0.013688,0.01353,0.01362,3104.33
1556722800,1556726399,0.01362,0.01368,0.01359,0.01364,379.99
1556726400,1556729999,0.01366,0.01367,0.0136,0.01361,459.99
1556730000,1556733599,0.013613,0.013785,0.013613,0.01378,1989.02
1556733600,1556737199,0.013745,0.013763,0.01367,0.013671,1120.07
1556737200,1556740799,0.013669,0.013669,0.01355,0.01357,1316.63
1556740800,1556744399,0.013563,0.013569,0.0135,0.01353,265.9
1556744400,1556747999,0.01355,0.013568,0.013506,0.013532,470.55
1556748000,1556751599,0.013539,0.013583,0.013521,0.013552,132.12
1556751600,1556755199,0.013577,0.013669,0.013577,0.013629,534.96
1556755200,1556758799,0.01362,0.01364,0.013527,0.0136,637.38
1556758800,1556762399,0.013579,0.01368,0.013547,0.01355,756.48
1556762400,1556765999,0.013551,0.01357,0.013518,0.013543,167.99
1556766000,1556769599,0.01353,0.01362,0.013525,0.01362,270.37
1556769600,1556773199,0.013627,0.013627,0.013597,0.013597,104.43
1556773200,1556776799,0.013597,0.013631,0.013597,0.013603,184.18
1556776800,1556780399,0.013603,0.01365,0.013561,0.01365,136.89
1556780400,1556783999,0.01366,0.01371,0.013638,0.013681,1033.22
1556784000,1556787599,0.013677,0.013719,0.013601,0.01362,1588.21
1556787600,1556791199,0.013605,0.013605,0.013497,0.013551,3214.25
1556791200,1556794799,0.01355,0.01356,0.013521,0.013521,349.86
1556794800,1556798399,0.01352,0.01356,0.0135,0.01353,1402.07
1556798400,1556801999,0.013536,0.013562,0.013516,0.013558,598.08
1556802000,1556805599,0.013556,0.01357,0.01344,0.01349,1653.27
1556805600,1556809199,0.013498,0.013503,0.013356,0.013415,2262.84
1556809200,1556812799,0.01342,0.013437,0.01336,0.01338,618.67
1556812800,1556816399,0.01338,0.013396,0.013342,0.01336,689.39
1556816400,1556819999,0.013369,0.01341,0.013304,0.013353,752.32
1556820000,1556823599,0.013352,0.013359,0.01326,0.013281,919.58
1556823600,1556827199,0.01326,0.013327,0.01325,0.01328,1069.92
1556827200,1556830799,0.01327,0.013361,0.01325,0.01332,457.15
1556830800,1556834399,0.013318,0.01337,0.013303,0.013334,405.26
1556834400,1556837999,0.013329,0.01338,0.013313,0.013374,566.25
1556838000,1556841599,0.013369,0.013425,0.01336,0.013402,993.38
1556841600,1556845199,0.013403,0.013407,0.013311,0.013372,1642.91
1556845200,1556848799,0.01337,0.013513,0.013363,0.013457,3204.23
1556848800,1556852399,0.013471,0.013493,0.013421,0.013421,982.13
1556852400,1556855999,0.013414,0.013433,0.013353,0.0134,613.6
1556856000,1556859599,0.01341,0.013471,0.01336,0.013362,1582.91
1556859600,1556863199,0.013362,0.013373,0.013321,0.013359,499.43
1556863200,1556866799,0.01336,0.013367,0.013303,0.01332,2662.89
1556866800,1556870399,0.013328,0.013331,0.013134,0.013147,1124.78
1556870400,1556873999,0.013144,0.013196,0.012852,0.012852,3991.98
1556874000,1556877599,0.012859,0.01395,0.012851,0.01365,16162.5
1556877600,1556881199,0.013653,0.01375,0.013618,0.013721,3695.17
1556881200,1556884799,0.013721,0.013794,0.013691,0.013702,688.01
1556884800,1556888399,0.013717,0.013771,0.013705,0.013759,881.93
1556888400,1556891999,0.01375,0.013792,0.013709,0.01374,505.4
1556892000,1556895599,0.01373,0.013761,0.013641,0.013671,2697.82
1556895600,1556899199,0.01366,0.013666,0.013604,0.013646,1016.46
1556899200,1556902799,0.013668,0.013668,0.013611,0.013645,799.72
1556902800,1556906399,0.01366,0.01372,0.013624,0.013657,3997.82
1556906400,1556909999,0.013657,0.013702,0.013657,0.013667,347.5
1556910000,1556913599,0.013685,0.013702,0.013661,0.013691,368.47
1556913600,1556917199,0.013685,0.01378,0.013666,0.013738,1376.2
1556917200,1556920799,0.013723,0.01374,0.013691,0.013734,130.21
1556920800,1556924399,0.013736,0.01377,0.01371,0.013735,909.17
1556924400,1556927999,0.013721,0.01375,0.013721,0.013736,816.21
1556928000,1556931599,0.013727,0.014116,0.013727,0.013931,4823.96
1556931600,1556935199,0.013931,0.014083,0.013869,0.01397,2116.25
1556935200,1556938799,0.01398,0.013999,0.013827,0.013848,3035.5
1556938800,1556942399,0.013834,0.013858,0.01365,0.013661,1675.21
1556942400,1556945999,0.01367,0.01368,0.0133,0.01347,6049.11
1556946000,1556949599,0.01347,0.013502,0.013387,0.01343,1551.68
1556949600,1556953199,0.01344,0.013532,0.01334,0.0135,510.2
1556953200,1556956799,0.013494,0.0135,0.013419,0.013432,273.22
1556956800,1556960399,0.01343,0.013448,0.013406,0.013445,258.91
1556960400,1556963999,0.01345,0.013468,0.013346,0.013379,513.26
1556964000,1556967599,0.01338,0.01338,0.013291,0.013322,487.09
1556967600,1556971199,0.01332,0.013401,0.0133,0.013342,1314.6
1556971200,1556974799,0.013341,0.013353,0.013188,0.01326,3703.82
1556974800,1556978399,0.013251,0.0134,0.013086,0.013353,6009.47
1556978400,1556981999,0.013351,0.013493,0.01334,0.013446,2331.66
1556982000,1556985599,0.01344,0.01348,0.013421,0.013451,285.19
1556985600,1556989199,0.013443,0.01351,0.013432,0.01351,686.94
1556989200,1556992799,0.01351,0.01351,0.01345,0.01348,499.89
1556992800,1556996399,0.01348,0.01348,0.013409,0.013449,268.75
1556996400,1556999999,0.013449,0.013456,0.013419,0.01345,281.2
1557000000,1557003599,0.013442,0.01349,0.013419,0.01348,569.1
1557003600,1557007199,0.01348,0.013504,0.01331,0.013341,2178.03
1557007200,1557010799,0.01333,0.01343,0.01328,0.013355,2321.27
1557010800,1557014399,0.013341,0.01337,0.01328,0.013334,550.68
1557014400,1557017999,0.01333,0.01339,0.013306,0.013365,4409.57
1557018000,1557021599,0.01338,0.013438,0.01329,0.01331,2097.32
1557021600,1557025199,0.01332,0.01335,0.013271,0.013329,1477.08
1557025200,1557028799,0.013338,0.013338,0.013261,0.013292,151.58
1557028800,1557032399,0.013301,0.013334,0.01324,0.01325,625.03
1557032400,1557035999,0.01323,0.013391,0.013221,0.01334,857.71
1557036000,1557039599,0.013354,0.013383,0.01332,0.01335,1122.63
1557039600,1557043199,0.01334,0.013359,0.013296,0.01331,261.96
1557043200,1557046799,0.013291,0.013313,0.01324,0.013271,1068.81
1557046800,1557050399,0.01328,0.013291,0.013246,0.013253,398.57
1557050400,1557053999,0.013242,0.013255,0.01315,0.013188,2784.42
1557054000,1557057599,0.01318,0.01319,0.0131,0.013146,641.67
1557057600,1557061199,0.013139,0.013227,0.01312,0.013199,1662.1
1557061200,1557064799,0.013207,0.013299,0.01319,0.01325,1154.69
1557064800,1557068399,0.01325,0.01326,0.013161,0.013161,606.51
1557068400,1557071999,0.01316,0.01323,0.01314,0.013228,489.03
1557072000,1557075599,0.013229,0.01323,0.013188,0.01319,871.99
1557075600,1557079199,0.0132,0.013218,0.013173,0.013179,421.78
1557079200,1557082799,0.013202,0.013255,0.01315,0.013161,1439.79
1557082800,1557086399,0.013161,0.01324,0.013159,0.013232,304.37
1557086400,1557089999,0.013234,0.013289,0.01323,0.013235,882.43
1557090000,1557093599,0.013234,0.013234,0.013189,0.013189,316.12
1557093600,1557097199,0.013192,0.01321,0.013129,0.013129,425.54
1557097200,1557100799,0.013129,0.013138,0.013088,0.013096,983.78
1557100800,1557104399,0.0131,0.01313,0.012913,0.012936,4466.72
1557104400,1557107999,0.01294,0.01303,0.012901,0.01299,1852.69
1557108000,1557111599,0.012988,0.013048,0.012961,0.013,1165.56
1557111600,1557115199,0.012991,0.013015,0.012633,0.012736,3349.97
1557115200,1557118799,0.012742,0.012819,0.012733,0.01276,2081.11
1557118800,1557122399,0.01276,0.012793,0.01274,0.012742,289.27
1557122400,1557125999,0.01276,0.012837,0.01273,0.012792,759.06
1557126000,1557129599,0.012799,0.01282,0.012724,0.01277,1892.94
1557129600,1557133199,0.012779,0.012811,0.01276,0.01279,974.97
1557133200,1557136799,0.012786,0.01299,0.012786,0.012932,1433.27
1557136800,1557140399,0.01294,0.01304,0.012921,0.012921,769.81
1557140400,1557143999,0.012926,0.012999,0.012924,0.01297,454.43
1557144000,1557147599,0.012968,0.012973,0.012888,0.01293,1220.09
1557147600,1557151199,0.012922,0.012935,0.012789,0.0128,1179.3
1557151200,1557154799,0.012811,0.013155,0.012811,0.013076,2206.51
1557154800,1557158399,0.013081,0.01321,0.013051,0.013178,1698.61
1557158400,1557161999,0.013171,0.01331,0.013121,0.01329,2058.44
1557162000,1557165599,0.013284,0.013284,0.013182,0.013265,1667.67
1557165600,1557169199,0.013261,0.013326,0.013141,0.01316,1877.8
1557169200,1557172799,0.013166,0.013196,0.01312,0.013124,821.37
1557172800,1557176399,0.013124,0.013182,0.01311,0.01313,586.39
1557176400,1557179999,0.013131,0.013279,0.013107,0.013253,523.17
1557180000,1557183599,0.01326,0.01327,0.01312,0.01313,398.23
1557183600,1557187199,0.01314,0.01314,0.013034,0.013034,344.18
1557187200,1557190799,0.01308,0.013514,0.01306,0.01343,7057.32
1557190800,1557194399,0.013421,0.013466,0.013227,0.01323,2186.3
1557194400,1557197999,0.013235,0.0133,0.013062,0.01308,2901.06
1557198000,1557201599,0.01307,0.01308,0.01292,0.01302,2735.54
1557201600,1557205199,0.013017,0.013025,0.012946,0.01296,1585.45
1557205200,1557208799,0.01296,0.012974,0.01286,0.01288,2090.06
1557208800,1557212399,0.012879,0.012995,0.012877,0.012994,1795.56
1557212400,1557215999,0.012985,0.012989,0.01287,0.012937,644.21
1557216000,1557219599,0.012926,0.012944,0.012883,0.01289,276.66
1557219600,1557223199,0.01289,0.012971,0.012864,0.012906,1307.63
1557223200,1557226799,0.0129,0.012932,0.012881,0.012916,497.96
1557226800,1557230399,0.012911,0.012921,0.012883,0.012912,320.92
1557230400,1557233999,0.01292,0.012938,0.01289,0.01292,865.64
1557234000,1557237599,0.012921,0.01293,0.012861,0.012899,588.11
1557237600,1557241199,0.012899,0.01294,0.01257,0.01266,6872.57
1557241200,1557244799,0.01266,0.01268,0.0126,0.012623,1111.93
1557244800,1557248399,0.012634,0.012683,0.012586,0.012666,1531.63
1557248400,1557251999,0.012665,0.012665,0.012541,0.012579,1552.03
1557252000,1557255599,0.012579,0.012633,0.012562,0.01262,591.25
1557255600,1557259199,0.012624,0.012722,0.012624,0.012634,1620.16
1557259200,1557262799,0.012637,0.01273,0.012637,0.012703,1469.3
1557262800,1557266399,0.012707,0.012734,0.012681,0.012715,1380.24
1557266400,1557269999,0.012715,0.012746,0.012692,0.012741,530.8
1557270000,1557273599,0.012739,0.01283,0.012692,0.012764,4896.26
1557273600,1557277199,0.012755,0.01276,0.0125,0.012571,3867.13
1557277200,1557280799,0.012571,0.012741,0.012562,0.012683,2252.43
1557280800,1557284399,0.01268,0.012733,0.01258,0.012592,839.39
1557284400,1557287999,0.012574,0.01263,0.012541,0.012603,1965.27
1557288000,1557291599,0.012604,0.012713,0.012596,0.0127,841.59
1557291600,1557295199,0.012689,0.012707,0.012642,0.012687,280.06
1557295200,1557298799,0.01269,0.012701,0.01253,0.01253,977.56
1557298800,1557302399,0.012525,0.012549,0.01246,0.01248,602.36
1557302400,1557305999,0.012484,0.012603,0.012463,0.012603,678.69
1557306000,1557309599,0.01259,0.012593,0.012533,0.01255,449.26
1557309600,1557313199,0.01256,0.012623,0.01256,0.01256,862.21
1557313200,1557316799,0.012551,0.01259,0.012541,0.012557,610.44
1557316800,1557320399,0.012542,0.012554,0.01245,0.012483,2735.78
1557320400,1557323999,0.01248,0.01252,0.01248,0.012517,474.17
1557324000,1557327599,0.01252,0.01253,0.01246,0.012522,1337.76
1557327600,1557331199,0.012521,0.012521,0.012458,0.012478,1239.59
1557331200,1557334799,0.012481,0.012489,0.01239,0.012392,926.6
1557334800,1557338399,0.012392,0.012479,0.012392,0.012444,996.28
1557338400,1557341999,0.012442,0.01246,0.01241,0.012434,622.21
1557342000,1557345599,0.012434,0.012473,0.012419,0.012431,708.32
1557345600,1557349199,0.012431,0.012489,0.012417,0.012479,491.7
1557349200,1557352799,0.012481,0.01261,0.012473,0.012535,1818.32
1557352800,1557356399,0.01254,0.012628,0.012494,0.01252,1786.82
1557356400,1557359999,0.01253,0.012537,0.012405,0.012416,2318.63
1557360000,1557363599,0.01242,0.012427,0.012351,0.01241,2038.32
1557363600,1557367199,0.012411,0.012448,0.012344,0.012421,3805.89
1557367200,1557370799,0.01244,0.01244,0.012383,0.0124,1003.72
1557370800,1557374399,0.012409,0.01241,0.012381,0.012393,765.33
1557374400,1557377999,0.012386,0.0124,0.012368,0.01238,1163.16
1557378000,1557381599,0.012372,0.012372,0.012215,0.01222,1804.7
1557381600,1557385199,0.012222,0.01223,0.012168,0.012181,780.45
1557385200,1557388799,0.012181,0.012192,0.012113,0.012183,1042.12
1557388800,1557392399,0.012181,0.012229,0.012171,0.01222,1204.23
1557392400,1557395999,0.012212,0.012242,0.012182,0.012186,801.79
1557396000,1557399599,0.012186,0.012194,0.012159,0.012179,425.87
1557399600,1557403199,0.012181,0.012185,0.012091,0.012132,2207.91
1557403200,1557406799,0.012134,0.012146,0.012075,0.012132,1916.59
1557406800,1557410399,0.012141,0.01228,0.012141,0.012229,1610.47
1557410400,1557413999,0.01223,0.01223,0.01217,0.01221,481.12
1557414000,1557417599,0.01221,0.012212,0.012115,0.012138,1104.34
1557417600,1557421199,0.012133,0.012168,0.012086,0.012092,1362.19
1557421200,1557424799,0.012097,0.012097,0.011955,0.011966,1544.9
1557424800,1557428399,0.011967,0.012003,0.011936,0.01198,2199.88
1557428400,1557431999,0.011984,0.012042,0.01192,0.011971,1692.69
1557432000,1557435599,0.011973,0.011989,0.011905,0.011989,3871.72
1557435600,1557439199,0.011981,0.01213,0.011978,0.012016,2213.72
1557439200,1557442799,0.01202,0.01203,0.011862,0.011921,3228.61
1557442800,1557446399,0.011931,0.012017,0.011922,0.011998,4053.62
1557446400,1557449999,0.011991,0.012013,0.011891,0.011891,2579.71
1557450000,1557453599,0.011899,0.01194,0.0118,0.011821,2441.12
1557453600,1557457199,0.011821,0.011821,0.01163,0.011655,4439.06
1557457200,1557460799,0.01166,0.011694,0.011541,0.011639,6628.14
1557460800,1557464399,0.011624,0.012458,0.011621,0.012285,10385.46
1557464400,1557467999,0.012285,0.01233,0.012102,0.012231,5999.44
1557468000,1557471599,0.012224,0.01227,0.012186,0.012212,827.81
1557471600,1557475199,0.012218,0.01225,0.012109,0.012141,2079.55
1557475200,1557478799,0.012139,0.012188,0.011982,0.012052,4691.2
1557478800,1557482399,0.012051,0.012066,0.011951,0.01204,1372.76
1557482400,1557485999,0.012036,0.01207,0.011991,0.012038,1255.14
1557486000,1557489599,0.012038,0.01213,0.01202,0.012078,1615.88
1557489600,1557493199,0.012078,0.012097,0.012024,0.012029,2644.42
1557493200,1557496799,0.012037,0.01205,0.011984,0.012016,1281.4
1557496800,1557500399,0.012011,0.012055,0.01197,0.011983,1050.83
1557500400,1557503999,0.01199,0.012053,0.011981,0.012025,1468.55
1557504000,1557507599,0.012031,0.012048,0.01189,0.01193,1727.07
1557507600,1557511199,0.01192,0.01201,0.011838,0.011955,3211.65
1557511200,1557514799,0.011959,0.01203,0.011931,0.011948,2059.91
1557514800,1557518399,0.01195,0.012043,0.011936,0.012021,1773.46
1557518400,1557521999,0.012023,0.01248,0.012022,0.0122,9622.82
1557522000,1557525599,0.0122,0.012201,0.012059,0.012122,1789.2
1557525600,1557529199,0.012115,0.012179,0.012111,0.012142,2183.22
1557529200,1557532799,0.01214,0.012163,0.012024,0.01209,1634.06
1557532800,1557536399,0.012093,0.01219,0.012086,0.012122,1007.78
1557536400,1557539999,0.012141,0.01217,0.012014,0.01202,2000.01
1557540000,1557543599,0.01202,0.012182,0.011967,0.012079,5271.26
1557543600,1557547199,0.012054,0.012106,0.01195,0.01199,3719.28
1557547200,1557550799,0.011995,0.012007,0.011537,0.011572,5698.1
1557550800,1557554399,0.01158,0.011855,0.01158,0.0117,7137.68
1557554400,1557557999,0.0117,0.0117,0.01144,0.01154,9538.81
1557558000,1557561599,0.011559,0.011696,0.01155,0.011654,2591.85
1557561600,1557565199,0.011641,0.012916,0.011627,0.012738,30282.98
1557565200,1557568799,0.012739,0.012788,0.012435,0.01268,8255.22
1557568800,1557572399,0.01268,0.012968,0.012629,0.012828,14204.11
1557572400,1557575999,0.012831,0.01286,0.012551,0.0127,3130.82
1557576000,1557579599,0.012692,0.012848,0.01258,0.012796,2711.64
1557579600,1557583199,0.012799,0.01291,0.01263,0.012742,4772.61
1557583200,1557586799,0.01275,0.012761,0.01263,0.01272,3421.46
1557586800,1557590399,0.01273,0.01295,0.012714,0.012935,4760.24
1557590400,1557593999,0.012936,0.012955,0.012691,0.0128,4488.85
1557594000,1557597599,0.012796,0.013174,0.012788,0.01312,10503.88
1557597600,1557601199,0.013118,0.013253,0.012937,0.013085,14478.29
1557601200,1557604799,0.013089,0.013104,0.012791,0.0128,6828.65
1557604800,1557608399,0.01281,0.01298,0.012801,0.01298,3943.43
1557608400,1557611999,0.012966,0.013027,0.0128,0.013007,2955.75
1557612000,1557615599,0.013004,0.013021,0.012658,0.01272,12892.92
1557615600,1557619199,0.012727,0.012971,0.011972,0.012213,23315.58
1557619200,1557622799,0.012216,0.012416,0.012093,0.012248,19694.24
1557622800,1557626399,0.01224,0.012425,0.01223,0.01229,5462.69
1557626400,1557629999,0.012292,0.012383,0.01218,0.01218,1748.8
1557630000,1557633599,0.01218,0.012359,0.01218,0.012359,2597.85
1557633600,1557637199,0.012366,0.012609,0.012366,0.01255,3021.63
1557637200,1557640799,0.01256,0.01264,0.012473,0.012533,4804.39
1557640800,1557644399,0.012528,0.012622,0.01234,0.01237,4052.33
1557644400,1557647999,0.012377,0.012552,0.012325,0.012352,5277.9
1557648000,1557651599,0.012346,0.01237,0.012113,0.012228,7945.25
1557651600,1557655199,0.012255,0.012335,0.012108,0.0122,7086.41
1557655200,1557658799,0.0122,0.01224,0.012051,0.012076,4239.25
1557658800,1557662399,0.01206,0.012298,0.01202,0.012236,13993.65
1557662400,1557665999,0.01223,0.012373,0.012219,0.012323,4362.2
1557666000,1557669599,0.01234,0.012374,0.012159,0.012261,1286.09
1557669600,1557673199,0.012268,0.012386,0.012236,0.012311,4036.7
1557673200,1557676799,0.012313,0.012379,0.01219,0.012302,10180.23
1557676800,1557680399,0.01229,0.012364,0.01221,0.012262,4467.62
1557680400,1557683999,0.012277,0.012367,0.01225,0.012334,2138.76
1557684000,1557687599,0.012323,0.012324,0.012192,0.012221,1612.35
1557687600,1557691199,0.012223,0.012311,0.012193,0.012253,1711.75
1557691200,1557694799,0.012252,0.012286,0.012088,0.012119,1631.67
1557694800,1557698399,0.012106,0.01215,0.012038,0.01207,2308.06
1557698400,1557701999,0.012078,0.01224,0.012044,0.012164,4230.25
1557702000,1557705599,0.012163,0.012255,0.012133,0.01215,922.15
1557705600,1557709199,0.01215,0.012381,0.01215,0.012316,2026.23
1557709200,1557712799,0.01231,0.012341,0.012224,0.012224,1664.98
1557712800,1557716399,0.012223,0.0123,0.012212,0.012229,1147.29
1557716400,1557719999,0.012212,0.012268,0.012154,0.012261,952.03
1557720000,1557723599,0.012248,0.012295,0.012211,0.012282,348.56
1557723600,1557727199,0.012273,0.012273,0.01216,0.0122,402.05
1557727200,1557730799,0.012199,0.012257,0.012181,0.012181,292.11
1557730800,1557734399,0.012178,0.01218,0.01205,0.01205,1044.77
1557734400,1557737999,0.012049,0.012109,0.012043,0.012061,616.62
1557738000,1557741599,0.012067,0.012148,0.012067,0.012121,2328.19
1557741600,1557745199,0.012121,0.01215,0.01209,0.012144,638.99
1557745200,1557748799,0.01215,0.012164,0.011975,0.012006,2923.41
1557748800,1557752399,0.01201,0.01202,0.01195,0.011971,2080.12
1557752400,1557755999,0.011971,0.012007,0.011817,0.011859,3401.38
1557756000,1557759599,0.011845,0.011891,0.0118,0.01184,2993.63
1557759600,1557763199,0.011832,0.01186,0.01146,0.01164,24494.13
1557763200,1557766799,0.011641,0.011754,0.011548,0.01157,14656.25
1557766800,1557770399,0.01156,0.01156,0.01127,0.011403,12764.24
1557770400,1557773999,0.011415,0.0115,0.011412,0.011492,3413.24
1557774000,1557777599,0.0115,0.011521,0.011381,0.011382,2344.7
1557777600,1557781199,0.011385,0.011459,0.01126,0.01142,3449.35
1557781200,1557784799,0.0114,0.0114,0.01106,0.01115,7319.92
1557784800,1557788399,0.011151,0.011375,0.011085,0.01115,13221.84
1557788400,1557791999,0.01116,0.011337,0.011144,0.01122,15030.68
1557792000,1557795599,0.01121,0.011227,0.011088,0.01113,2549.32
1557795600,1557799199,0.01114,0.011166,0.011054,0.01113,2765.6
1557799200,1557802799,0.01113,0.0116,0.01113,0.011487,5973.3
1557802800,1557806399,0.0115,0.01168,0.01145,0.01151,4028.52
1557806400,1557809999,0.0115,0.011539,0.011374,0.01151,3624.84
1557810000,1557813599,0.01153,0.01171,0.011269,0.01138,8109.5
1557813600,1557817199,0.01138,0.011474,0.01136,0.011382,1661.66
1557817200,1557820799,0.01139,0.0114,0.011202,0.011219,4143.87
1557820800,1557824399,0.011222,0.01131,0.011112,0.01126,4886.3
1557824400,1557827999,0.01125,0.011281,0.011166,0.01123,3312.43
1557828000,1557831599,0.01122,0.011277,0.011183,0.01122,2255.17
1557831600,1557835199,0.01122,0.01124,0.011162,0.0112,1540.73
1557835200,1557838799,0.01119,0.011196,0.011075,0.011075,3856.07
1557838800,1557842399,0.01108,0.011156,0.011055,0.011114,2766.48
1557842400,1557845999,0.01111,0.011292,0.011102,0.01121,5404.67
1557846000,1557849599,0.01122,0.011233,0.01111,0.01114,3807.66
1557849600,1557853199,0.01113,0.011266,0.011082,0.011225,4644.58
1557853200,1557856799,0.011226,0.01128,0.01115,0.01119,2639.33
1557856800,1557860399,0.011203,0.011326,0.011194,0.011316,3066.62
1557860400,1557863999,0.011302,0.01143,0.011286,0.0114,2470.48
1557864000,1557867599,0.01138,0.01147,0.01132,0.01139,3769.72
1557867600,1557871199,0.011414,0.01152,0.011381,0.011426,2074.42
1557871200,1557874799,0.011428,0.011434,0.01134,0.01138,2966.8
1557874800,1557878399,0.0114,0.01163,0.011382,0.01144,4163.11
1557878400,1557881999,0.011444,0.011499,0.011354,0.011464,4650.55
1557882000,1557885599,0.011476,0.01154,0.01143,0.011469,1799.71
1557885600,1557889199,0.011471,0.01149,0.011336,0.011387,2517.23
1557889200,1557892799,0.011391,0.011895,0.011371,0.011877,8312.6
1557892800,1557896399,0.01188,0.011902,0.011662,0.01171,3381.24
1557896400,1557899999,0.011703,0.011779,0.01164,0.011739,1173.2
1557900000,1557903599,0.01174,0.011767,0.011677,0.01168,1336.43
1557903600,1557907199,0.01169,0.011736,0.01151,0.011671,2919.28
1557907200,1557910799,0.01166,0.011716,0.01162,0.011661,475.86
1557910800,1557914399,0.01166,0.011739,0.011595,0.01164,1085.42
1557914400,1557917999,0.011645,0.01165,0.011512,0.011567,1225.95
1557918000,1557921599,0.011554,0.01164,0.011534,0.011609,967.72
1557921600,1557925199,0.011606,0.011639,0.011559,0.01158,2593.47
1557925200,1557928799,0.01159,0.011759,0.01153,0.011729,3741.12
1557928800,1557932399,0.01171,0.011826,0.01167,0.011691,2612.9
1557932400,1557935999,0.011699,0.011885,0.011667,0.011856,2268.22
1557936000,1557939599,0.011872,0.01283,0.0118,0.01265,42979.36
1557939600,1557943199,0.012642,0.012948,0.012442,0.012442,26754.49
1557943200,1557946799,0.012441,0.012674,0.012249,0.012274,12669.33
1557946800,1557950399,0.01227,0.01253,0.012237,0.012497,6666.65
1557950400,1557953999,0.012509,0.01255,0.012252,0.01233,4532.52
1557954000,1557957599,0.01233,0.012539,0.012316,0.01245,4140.41
1557957600,1557961199,0.01245,0.012649,0.012391,0.012583,2595.77
1557961200,1557964799,0.0126,0.01271,0.012465,0.01247,9151.79
1557964800,1557968399,0.01247,0.01277,0.01241,0.012618,6742.38
1557968400,1557971999,0.012615,0.01278,0.012593,0.01274,10326.81
1557972000,1557975599,0.01277,0.012893,0.01271,0.01282,9009.52
1557975600,1557979199,0.01282,0.012827,0.012566,0.01269,6144.05
1557979200,1557982799,0.012692,0.012699,0.012272,0.012443,16623.45
1557982800,1557986399,0.012462,0.012603,0.01242,0.012434,2052.49
1557986400,1557989999,0.01244,0.012591,0.012417,0.012536,2304.1
1557990000,1557993599,0.01254,0.012571,0.012426,0.012489,2899.14
1557993600,1557997199,0.012488,0.012493,0.012341,0.012361,1796.92
1557997200,1558000799,0.012356,0.012421,0.01205,0.012139,3840.5
1558000800,1558004399,0.012167,0.012184,0.011556,0.011881,25922.64
1558004400,1558007999,0.01191,0.012034,0.01185,0.011871,5530.57
1558008000,1558011599,0.011872,0.012009,0.01182,0.011861,7386.97
1558011600,1558015199,0.011861,0.01198,0.01183,0.011978,5336.31
1558015200,1558018799,0.01198,0.012267,0.011971,0.012233,6949.81
1558018800,1558022399,0.01224,0.01253,0.01213,0.012492,9673.49
1558022400,1558025999,0.012454,0.012636,0.012214,0.01222,24344.16
1558026000,1558029599,0.01222,0.01228,0.011972,0.012064,13060.94
1558029600,1558033199,0.012049,0.01222,0.012023,0.012106,3683.21
1558033200,1558036799,0.012107,0.012157,0.012041,0.012093,3552.7
1558036800,1558040399,0.012101,0.01215,0.01202,0.012081,2978.64
1558040400,1558043999,0.01208,0.012202,0.012047,0.012165,2743
1558044000,1558047599,0.01216,0.012232,0.012053,0.012074,5492.09081257
1558047600,1558051199,0.012081,0.01217,0.01208,0.012141,2819.57219499
1558051200,1558054799,0.01214,0.012296,0.012066,0.01216,3310.23119199
1558054800,1558058399,0.012167,0.012167,0.01191,0.011985,5844.15099112
1558058400,1558061999,0.011975,0.012006,0.011736,0.0119,6443.64004585
1558062000,1558065599,0.011924,0.01271,0.011896,0.012278,32227.20253146
1558065600,1558069199,0.01225,0.012312,0.012172,0.012213,5307.46341058
1558069200,1558072799,0.012224,0.012258,0.012125,0.01224,3935.00577721
1558072800,1558076399,0.01224,0.01226,0.011932,0.01196,6157.98266855
1558076400,1558079999,0.011958,0.01207,0.011908,0.01207,1419.01132044
1558080000,1558083599,0.012049,0.012178,0.012,0.0121,3124.60990666
1558083600,1558087199,0.01209,0.01219,0.01207,0.012151,1545.55978318
1558087200,1558090799,0.012151,0.012176,0.012016,0.01213,3411.20131019
1558090800,1558094399,0.01213,0.012184,0.011979,0.01218,2884.53044378
1558094400,1558097999,0.01217,0.012312,0.01213,0.0123,4151.08128143
1558098000,1558101599,0.0123,0.012335,0.012231,0.01226,883.31088008
1558101600,1558105199,0.012242,0.012256,0.012112,0.01216,2667.80226392
1558105200,1558108799,0.01216,0.012179,0.012023,0.012131,3579.46719817
1558108800,1558112399,0.012158,0.012229,0.012046,0.012076,6459.071154
1558112400,1558115999,0.01209,0.01215,0.01204,0.012052,3426.36938832
1558116000,1558119599,0.01206,0.01216,0.01202,0.01214,3232.10782685
1558119600,1558123199,0.012126,0.01225,0.01211,0.01217,1789.73101654
1558123200,1558126799,0.012171,0.012289,0.01216,0.01221,1603.35764504
1558126800,1558130399,0.012211,0.01222,0.012125,0.01222,1550.68534477
1558130400,1558133999,0.012229,0.012242,0.012122,0.012122,1515.43309697
1558134000,1558137599,0.012112,0.01227,0.012112,0.012213,1924.59241858
1558137600,1558141199,0.0122,0.012218,0.011998,0.011998,2673.011725
1558141200,1558144799,0.01209,0.01216,0.012064,0.01211,851.03806372
1558144800,1558148399,0.01212,0.012146,0.011923,0.012052,2541.02240734
1558148400,1558151999,0.01202,0.01207,0.012,0.012043,1155.62438866
1558152000,1558155599,0.012051,0.01206,0.01198,0.01199,1083.59356018
1558155600,1558159199,0.011983,0.012004,0.01193,0.01196,1331.22217607
1558159200,1558162799,0.01197,0.011996,0.01193,0.01197,1179.43106735
1558162800,1558166399,0.01198,0.011998,0.011806,0.01182,2963.03702961
1558166400,1558169999,0.01182,0.011876,0.01178,0.011842,2679.62905233
1558170000,1558173599,0.011836,0.011868,0.011778,0.011854,1119.08154624
1558173600,1558177199,0.011858,0.012041,0.011823,0.01191,1532.62071976
1558177200,1558180799,0.011911,0.011979,0.011875,0.01192,930.12543563
1558180800,1558184399,0.01192,0.011956,0.01185,0.011905,1214.22338245
1558184400,1558187999,0.011903,0.012045,0.011851,0.011999,1310.10584217
1558188000,1558191599,0.012,0.01203,0.01194,0.011973,1101.22977703
1558191600,1558195199,0.011985,0.012031,0.011966,0.01198,544.31134043
1558195200,1558198799,0.011962,0.012058,0.011934,0.01197,1031.53808183
1558198800,1558202399,0.01197,0.011997,0.01193,0.01197,1464.00503262
1558202400,1558205999,0.01198,0.012059,0.01193,0.012021,1464.33899211
1558206000,1558209599,0.012015,0.012015,0.011961,0.012001,870.97042058
1558209600,1558213199,0.012,0.01202,0.011911,0.01196,970.51262075
1558213200,1558216799,0.011967,0.012,0.01193,0.012,418.57836789
1558216800,1558220399,0.012006,0.012006,0.011921,0.01196,1094.28482177
1558220400,1558223999,0.01196,0.011987,0.011911,0.01192,1077.74721023
1558224000,1558227599,0.011921,0.011931,0.011826,0.011892,1980.84630154
1558227600,1558231199,0.011891,0.011915,0.011736,0.011796,2155.78072213
1558231200,1558234799,0.011794,0.011819,0.011575,0.011641,3799.08407078
1558234800,1558238399,0.011651,0.011661,0.01159,0.011599,1922.55989064
1558238400,1558241999,0.01159,0.011769,0.011574,0.01162,4364.16592695
1558242000,1558245599,0.011637,0.01172,0.01162,0.011685,1999.60429664
1558245600,1558249199,0.011672,0.011672,0.011603,0.011636,3338.96886838
1558249200,1558252799,0.011628,0.011869,0.011622,0.011822,2073.98922316
1558252800,1558256399,0.011807,0.011818,0.011732,0.011753,724.1968752
1558256400,1558259999,0.01176,0.011815,0.011714,0.01177,1467.43874038
1558260000,1558263599,0.01178,0.0118,0.011704,0.01172,770.37652953
1558263600,1558267199,0.01173,0.011755,0.01166,0.011661,998.39584803
1558267200,1558270799,0.01167,0.011753,0.011627,0.011712,2268.02914325
1558270800,1558274399,0.011719,0.01175,0.01167,0.0117,1586.91719056
1558274400,1558277999,0.01171,0.011751,0.01169,0.01171,1132.75380363
1558278000,1558281599,0.011732,0.01174,0.011678,0.0117,1441.31529691
1558281600,1558285199,0.011706,0.01176,0.011677,0.011726,930.04084892
1558285200,1558288799,0.01173,0.01199,0.01173,0.01191,2211.74766075
1558288800,1558292399,0.011896,0.011949,0.011859,0.0119,652.44994814
1558292400,1558295999,0.0119,0.011966,0.011872,0.011909,1302.2653386
1558296000,1558299599,0.01187,0.01189,0.011783,0.011783,670.28362662
1558299600,1558303199,0.011783,0.011867,0.01178,0.011791,882.82853113
1558303200,1558306799,0.01179,0.011812,0.011665,0.011701,4146.33977855
1558306800,1558310399,0.0117,0.011766,0.011584,0.011589,4665.39411572
1558310400,1558313999,0.011599,0.011621,0.011501,0.01155,8441.43579568
1558314000,1558317599,0.01154,0.011584,0.0115,0.01157,2138.97625641
1558317600,1558321199,0.01157,0.01158,0.01149,0.01149,1113.02376267
1558321200,1558324799,0.01149,0.011529,0.01147,0.011478,950.10753825
1558324800,1558328399,0.01149,0.011499,0.011418,0.01149,2199.02334779
1558328400,1558331999,0.01148,0.01152,0.011468,0.011501,532.00957731
1558332000,1558335599,0.011509,0.011557,0.011465,0.01152,1111.68568419
1558335600,1558339199,0.011511,0.01155,0.011471,0.01153,1100.05805509
1558339200,1558342799,0.01154,0.011626,0.011513,0.011531,1252.86914975
1558342800,1558346399,0.011532,0.011632,0.01152,0.01162,354.75566194
1558346400,1558349999,0.01162,0.01163,0.011544,0.01156,217.86820435
1558350000,1558353599,0.01156,0.011597,0.011541,0.01159,996.75390724
1558353600,1558357199,0.01159,0.01164,0.01155,0.01159,1602.9648842
1558357200,1558360799,0.011572,0.011572,0.011466,0.01151,1248.65650105
1558360800,1558364399,0.011511,0.01154,0.011496,0.01151,728.01046793
1558364400,1558367999,0.01152,0.011555,0.011491,0.01151,688.34211833
1558368000,1558371599,0.0115,0.011515,0.011441,0.011452,1033.45055321
1558371600,1558375199,0.011469,0.01156,0.011469,0.01156,1607.61255457
1558375200,1558378799,0.01155,0.01156,0.0115,0.011511,1055.64263384
1558378800,1558382399,0.011502,0.011638,0.011482,0.011638,3422.30009072
1558382400,1558385999,0.01164,0.011662,0.011548,0.01157,1017.07421108
1558386000,1558389599,0.011544,0.01155,0.0114,0.0114,1476.79596748
1558389600,1558393199,0.011401,0.011513,0.01137,0.0115,1080.54582359
1558393200,1558396799,0.01149,0.011526,0.01145,0.01147,1302.15400099
1558396800,1558400399,0.011472,0.011564,0.011456,0.011546,1515.20283825
1558400400,1558403999,0.011544,0.0116,0.011535,0.011555,1687.59707814
1558404000,1558407599,0.01156,0.011594,0.011493,0.01151,1161.16298077
1558407600,1558411199,0.0115,0.011528,0.011369,0.011369,1127.89341468
1558411200,1558414799,0.011358,0.011421,0.011318,0.0114,1558.72173664
1558414800,1558418399,0.0114,0.011457,0.01139,0.011457,783.9710489
1558418400,1558421999,0.011444,0.011517,0.01141,0.011498,2094.79670555
1558422000,1558425599,0.011514,0.01156,0.011476,0.01148,1031.42553524
1558425600,1558429199,0.01148,0.01151,0.011457,0.01149,619.18021751
1558429200,1558432799,0.01149,0.01156,0.011451,0.011476,827.13696508
1558432800,1558436399,0.011476,0.011514,0.01146,0.011481,694.76198655
1558436400,1558439999,0.011491,0.011517,0.011451,0.01149,1153.80745044
1558440000,1558443599,0.01149,0.011521,0.011451,0.011486,660.54288672
1558443600,1558447199,0.01149,0.0117,0.011474,0.011523,2643.55779973
1558447200,1558450799,0.011515,0.011515,0.011425,0.01148,1784.08273285
1558450800,1558454399,0.011493,0.01153,0.011454,0.011491,1786.48887136
1558454400,1558457999,0.011503,0.011574,0.011501,0.011574,1865.3546881
1558458000,1558461599,0.01157,0.011621,0.01152,0.01153,1127.75787952
1558461600,1558465199,0.011524,0.01154,0.011483,0.0115,1326.76529983
1558465200,1558468799,0.011501,0.011529,0.011469,0.011484,538.7639582
1558468800,1558472399,0.011484,0.011503,0.011422,0.011456,893.61939439
1558472400,1558475999,0.011457,0.011476,0.011429,0.011462,1482.05728028
1558476000,1558479599,0.01147,0.011518,0.01146,0.011498,620.2136142
1558479600,1558483199,0.011493,0.011501,0.011469,0.011472,665.57231017
1558483200,1558486799,0.01147,0.011497,0.011439,0.011497,915.74718216
1558486800,1558490399,0.011521,0.011527,0.011468,0.011498,1194.41511064
1558490400,1558493999,0.011499,0.011516,0.011464,0.011495,908.78919413
1558494000,1558497599,0.0115,0.01152,0.011475,0.0115,423.91609095
1558497600,1558501199,0.011493,0.011555,0.011453,0.011505,2507.26177309
1558501200,1558504799,0.011503,0.011525,0.011495,0.011497,218.53943996
1558504800,1558508399,0.011501,0.01162,0.011501,0.011593,842.14720467
1558508400,1558511999,0.011605,0.011611,0.011533,0.01155,421.87611057
1558512000,1558515599,0.01155,0.011554,0.01148,0.01149,677.26187424
1558515600,1558519199,0.011496,0.011515,0.01146,0.011479,933.01356752
1558519200,1558522799,0.011481,0.0115,0.011468,0.011483,645.12792258
1558522800,1558526399,0.011482,0.011544,0.011472,0.011507,1406.29849978
1558526400,1558529999,0.0115,0.011544,0.01149,0.011527,1141.48058057
1558530000,1558533599,0.011537,0.01156,0.011505,0.011512,924.34623966
1558533600,1558537199,0.011501,0.011502,0.011459,0.01147,515.53211296
1558537200,1558540799,0.011474,0.011517,0.011443,0.011463,1911.57421828
1558540800,1558544399,0.011468,0.011468,0.011367,0.011435,2756.75151437
1558544400,1558547999,0.011429,0.01146,0.01141,0.01145,779.3931203
1558548000,1558551599,0.011451,0.011461,0.011419,0.011419,863.56778665
1558551600,1558555199,0.011412,0.011467,0.011412,0.011425,714.46089078
1558555200,1558558799,0.011425,0.01175,0.011002,0.011407,32214.05854405
1558558800,1558562399,0.011407,0.01146,0.011339,0.01144,2096.37672539
1558562400,1558565999,0.01144,0.011525,0.011414,0.011494,2877.57744875
1558566000,1558569599,0.011489,0.011541,0.01145,0.01152,1843.71227909
1558569600,1558573199,0.0115,0.01154,0.011431,0.011522,2388.26463258
1558573200,1558576799,0.01151,0.011527,0.011446,0.011478,868.34676091
1558576800,1558580399,0.01147,0.01149,0.011446,0.01145,1313.32081028
1558580400,1558583999,0.01146,0.011484,0.011405,0.011405,1354.13391131
1558584000,1558587599,0.0114,0.01145,0.011376,0.011397,786.67969845
1558587600,1558591199,0.011399,0.011409,0.011364,0.01137,1000.4688212
1558591200,1558594799,0.011378,0.011378,0.011286,0.011359,4261.18179623
1558594800,1558598399,0.011359,0.01138,0.011298,0.011301,803.27651263
1558598400,1558601999,0.011314,0.011351,0.01127,0.011323,2258.62825402
1558602000,1558605599,0.011321,0.01141,0.011282,0.0114,2109.88626538
1558605600,1558609199,0.0114,0.01142,0.011353,0.0114,427.95339848
1558609200,1558612799,0.011391,0.011429,0.011381,0.011381,405.57139862
1558612800,1558616399,0.01138,0.011411,0.01135,0.01141,856.80995903
1558616400,1558619999,0.011428,0.01144,0.01137,0.011406,736.50445033
1558620000,1558623599,0.01141,0.011499,0.01139,0.011425,3508.42148307
1558623600,1558627199,0.011425,0.01143,0.011328,0.01133,924.3405885
1558627200,1558630799,0.011337,0.011347,0.011285,0.01129,520.17565536
1558630800,1558634399,0.011296,0.011355,0.011279,0.011326,1707.80687048
1558634400,1558637999,0.01133,0.011332,0.01127,0.0113,1828.94489592
1558638000,1558641599,0.0113,0.011335,0.01128,0.0113,819.03000574
1558641600,1558645199,0.011313,0.01132,0.011234,0.011234,2386.34672745
1558645200,1558648799,0.011236,0.011283,0.011188,0.011242,967.54216961
1558648800,1558652399,0.011246,0.011303,0.011231,0.011271,1942.41981012
1558652400,1558655999,0.011272,0.011336,0.011251,0.01129,1268.18111132
1558656000,1558659599,0.011291,0.011346,0.01128,0.011298,1538.69754747
1558659600,1558663199,0.011297,0.011343,0.011284,0.011338,1014.81824502
1558663200,1558666799,0.011337,0.011356,0.01131,0.011339,606.62203562
1558666800,1558670399,0.011344,0.011358,0.011311,0.01134,1433.17351578
1558670400,1558673999,0.011336,0.01135,0.011322,0.011339,614.89706225
1558674000,1558677599,0.01135,0.011358,0.011291,0.01131,549.16261983
1558677600,1558681199,0.011314,0.011755,0.011314,0.011755,9150.24920923
1558681200,1558684799,0.011759,0.01211,0.01172,0.01197,17890.95846942
1558684800,1558688399,0.01198,0.012104,0.011893,0.011952,3694.45685341
1558688400,1558691999,0.01196,0.01202,0.011887,0.0119,715.2014951
1558692000,1558695599,0.0119,0.0122,0.01189,0.012186,2247.38963141
1558695600,1558699199,0.012192,0.012571,0.012192,0.012416,22280.0689691
1558699200,1558702799,0.012413,0.012455,0.01225,0.012402,6069.9207569
1558702800,1558706399,0.0124,0.012442,0.012227,0.01239,7413.13837572
1558706400,1558709999,0.012389,0.012625,0.01229,0.012505,8750.96047687
1558710000,1558713599,0.012492,0.012542,0.01231,0.01233,15364.71182543
1558713600,1558717199,0.01233,0.012805,0.012318,0.012566,17484.47336067
1558717200,1558720799,0.012566,0.01264,0.012476,0.012494,5564.39603165
1558720800,1558724399,0.012489,0.012617,0.012488,0.01254,6530.17694139
1558724400,1558727999,0.01253,0.01255,0.012291,0.012474,7918.39461756
1558728000,1558731599,0.012473,0.0127,0.012466,0.012679,4363.68158097
1558731600,1558735199,0.01268,0.012693,0.0125,0.01261,4389.51103212
1558735200,1558738799,0.0126,0.012619,0.01248,0.01252,1324.70667464
1558738800,1558742399,0.012526,0.012587,0.012401,0.01256,3673.33410468
1558742400,1558745999,0.012564,0.012655,0.0125,0.012549,2204.56392171
1558746000,1558749599,0.01252,0.012636,0.0124,0.012632,1164.69005148
1558749600,1558753199,0.012629,0.01283,0.012578,0.012808,5077.12280666
1558753200,1558756799,0.012808,0.013062,0.0128,0.012902,12721.58537604
1558756800,1558760399,0.012901,0.013086,0.0129,0.01299,4410.05072368
1558760400,1558763999,0.012986,0.013003,0.012742,0.01277,1555.23643391
1558764000,1558767599,0.01277,0.012839,0.012687,0.0128,1236.0003226
1558767600,1558771199,0.012801,0.01289,0.012733,0.012866,999.31260294
1558771200,1558774799,0.01286,0.012901,0.012767,0.01288,762.02340799
1558774800,1558778399,0.01289,0.012897,0.01277,0.01286,615.52068225
1558778400,1558781999,0.01285,0.012894,0.012748,0.012772,819.72101182
1558782000,1558785599,0.01277,0.012835,0.012746,0.012785,432.93905286
1558785600,1558789199,0.012785,0.012806,0.012719,0.01278,1082.3510599
1558789200,1558792799,0.012762,0.012822,0.012474,0.01257,4869.42058521
1558792800,1558796399,0.01256,0.012676,0.01252,0.012676,603.6895885
1558796400,1558799999,0.01267,0.012725,0.012616,0.01265,751.82248529
1558800000,1558803599,0.012733,0.012736,0.012548,0.01263,1489.16360191
1558803600,1558807199,0.012629,0.01265,0.012599,0.01264,668.54519845
1558807200,1558810799,0.012624,0.012724,0.01257,0.012591,1195.80908024
1558810800,1558814399,0.012591,0.01267,0.01259,0.01263,1020.93848777
1558814400,1558817999,0.01264,0.012649,0.01257,0.01257,508.99584542
1558818000,1558821599,0.012588,0.012666,0.01258,0.01265,465.31261343
1558821600,1558825199,0.01266,0.0128,0.012613,0.01278,899.76043917
1558825200,1558828799,0.012789,0.01279,0.0127,0.01278,758.45328592
1558828800,1558832399,0.01278,0.012933,0.01277,0.012878,2660.71723364
1558832400,1558835999,0.012892,0.012907,0.012775,0.012811,1203.89927067
1558836000,1558839599,0.012811,0.012834,0.012671,0.012702,1259.20786667
1558839600,1558843199,0.012729,0.01275,0.012676,0.0127,385.5941697
1558843200,1558846799,0.012712,0.012737,0.01267,0.012715,566.99957215
1558846800,1558850399,0.012734,0.012734,0.01249,0.012591,2411.21965429
1558850400,1558853999,0.01258,0.012646,0.01258,0.01263,541.05251602
1558854000,1558857599,0.01263,0.012751,0.012611,0.01274,254.13282494
1558857600,1558861199,0.012722,0.012768,0.012686,0.012754,558.78799917
1558861200,1558864799,0.01275,0.01281,0.012715,0.012726,376.54972372
1558864800,1558868399,0.012716,0.012719,0.01262,0.012682,2410.29217599
1558868400,1558871999,0.012682,0.012689,0.012565,0.01264,1030.15219184
1558872000,1558875599,0.01264,0.012731,0.012605,0.01266,367.97100111
1558875600,1558879199,0.01264,0.012732,0.012581,0.01271,305.13106629
1558879200,1558882799,0.01273,0.012731,0.012628,0.012644,507.53918648
1558882800,1558886399,0.012633,0.012649,0.012544,0.012578,934.48534399
1558886400,1558889999,0.012578,0.012658,0.01254,0.012658,1500.46939444
1558890000,1558893599,0.012669,0.01269,0.01262,0.01262,393.33632394
1558893600,1558897199,0.012629,0.012664,0.012615,0.012643,225.84467281
1558897200,1558900799,0.012646,0.012673,0.012232,0.012296,13527.67819045
1558900800,1558904399,0.012308,0.012645,0.012287,0.01261,8154.38333044
1558904400,1558907999,0.01262,0.013331,0.012619,0.01301,22504.39706128
1558908000,1558911599,0.013012,0.013047,0.012743,0.012791,11508.39421877
1558911600,1558915199,0.012792,0.012914,0.01279,0.012871,2539.81944708
1558915200,1558918799,0.012876,0.012932,0.012629,0.012727,5160.22840596
1558918800,1558922399,0.01274,0.012775,0.012634,0.012676,5239.4341822
1558922400,1558925999,0.012684,0.012906,0.012674,0.01286,2811.68727269
1558926000,1558929599,0.012865,0.013269,0.012833,0.013022,13030.99888416
1558929600,1558933199,0.013013,0.013037,0.012931,0.01299,3501.65748972
1558933200,1558936799,0.012971,0.013074,0.01293,0.013029,816.29940866
1558936800,1558940399,0.01303,0.01321,0.013007,0.01311,2704.53437193
1558940400,1558943999,0.013097,0.013199,0.01297,0.013004,1202.16889894
1558944000,1558947599,0.013016,0.013057,0.01296,0.01304,711.18314715
1558947600,1558951199,0.013042,0.01309,0.013014,0.013082,743.05111914
1558951200,1558954799,0.013075,0.013113,0.01299,0.013089,1545.65346163
1558954800,1558958399,0.013105,0.013105,0.01303,0.013072,865.93947722
1558958400,1558961999,0.01309,0.013189,0.012969,0.01318,2030.8332105
1558962000,1558965599,0.013195,0.013295,0.013049,0.01312,6884.20695202
1558965600,1558969199,0.01313,0.013143,0.013062,0.013113,1653.92935164
1558969200,1558972799,0.013115,0.013299,0.01311,0.01325,4511.50736629
1558972800,1558976399,0.013288,0.0137,0.012837,0.01302,25637.6332697
1558976400,1558979999,0.01302,0.013131,0.01295,0.01304,10687.27119952
1558980000,1558983599,0.013028,0.013213,0.01298,0.0132,4913.62149387
1558983600,1558987199,0.013209,0.013209,0.013109,0.01319,2113.43722041
1558987200,1558990799,0.013193,0.013241,0.01305,0.013089,5596.62959957
1558990800,1558994399,0.013081,0.013162,0.013021,0.013162,1109.74560035
1558994400,1558997999,0.01316,0.013236,0.013106,0.013213,1962.52768329
1558998000,1559001599,0.013221,0.013541,0.01321,0.013305,6818.29704679
1559001600,1559005199,0.013275,0.013446,0.013115,0.013241,7849.68839336
1559005200,1559008799,0.01325,0.013354,0.0132,0.01328,3963.21678498
1559008800,1559012399,0.013289,0.013314,0.01322,0.01325,1735.63299492
1559012400,1559015999,0.013245,0.01325,0.013168,0.0132,1550.75605123
1559016000,1559019599,0.0132,0.013305,0.013194,0.013223,1424.85058981
1559019600,1559023199,0.013223,0.013251,0.01304,0.01307,2318.54902206
1559023200,1559026799,0.01307,0.0131,0.012955,0.012997,4468.4206103
1559026800,1559030399,0.013003,0.013147,0.013,0.013086,3735.61373878
1559030400,1559033999,0.013095,0.01319,0.01301,0.013141,1185.86337687
1559034000,1559037599,0.013131,0.01318,0.01308,0.01313,1417.18816926
1559037600,1559041199,0.01313,0.013136,0.01305,0.013098,1610.10319311
1559041200,1559044799,0.013097,0.0132,0.01307,0.01316,1622.73161461
1559044800,1559048399,0.013156,0.013202,0.013016,0.013036,3844.17449822
1559048400,1559051999,0.01305,0.013111,0.01298,0.01306,3481.60857737
1559052000,1559055599,0.013065,0.0132,0.01304,0.0132,3738.31197221
1559055600,1559059199,0.01316,0.0132,0.013071,0.01312,2301.84935529
1559059200,1559062799,0.01311,0.01313,0.013025,0.01313,5692.25444264
1559062800,1559066399,0.01313,0.01324,0.013113,0.013185,2635.83579997
1559066400,1559069999,0.013182,0.013201,0.013141,0.013151,1875.36129729
1559070000,1559073599,0.01316,0.013239,0.013146,0.013209,776.15632885
1559073600,1559077199,0.013203,0.013244,0.013198,0.013229,1905.1888532
1559077200,1559080799,0.013211,0.013238,0.013186,0.01321,2394.4086533
1559080800,1559084399,0.013201,0.01321,0.01315,0.013169,1128.41625649
1559084400,1559087999,0.01317,0.01319,0.013116,0.013177,1002.20002215
1559088000,1559091599,0.013171,0.013182,0.01305,0.013076,2240.47623522
1559091600,1559095199,0.013076,0.013093,0.01305,0.01305,1969.90375734
1559095200,1559098799,0.01305,0.01305,0.012991,0.01305,1525.32893725
1559098800,1559102399,0.01304,0.0131,0.013036,0.013098,1579.44141748
1559102400,1559105999,0.013092,0.013139,0.01308,0.013096,2868.40006909
1559106000,1559109599,0.013091,0.013092,0.012845,0.013012,5467.38580379
1559109600,1559113199,0.01302,0.013078,0.012996,0.013065,1572.76279534
1559113200,1559116799,0.01307,0.0131,0.01306,0.013079,2890.51224658
1559116800,1559120399,0.013079,0.013247,0.013071,0.01319,1946.79336567
1559120400,1559123999,0.01321,0.013231,0.01317,0.013226,871.23580952
1559124000,1559127599,0.013221,0.013288,0.01318,0.01326,1993.01976864
1559127600,1559131199,0.013268,0.013279,0.013203,0.013244,1083.57242087
1559131200,1559134799,0.01324,0.01336,0.01324,0.013341,643.44273746
1559134800,1559138399,0.013349,0.01348,0.013284,0.01343,4050.18223614
1559138400,1559141999,0.01343,0.013514,0.013352,0.013433,3250.13621454
1559142000,1559145599,0.013433,0.013506,0.013402,0.013458,1329.0307311
1559145600,1559149199,0.013472,0.01349,0.013395,0.01349,1342.7450354
1559149200,1559152799,0.01348,0.013514,0.013419,0.013478,1586.3350004
1559152800,1559156399,0.013489,0.01352,0.013424,0.01352,1851.16712754
1559156400,1559159999,0.013519,0.01354,0.013502,0.013502,1866.53225461
1559160000,1559163599,0.0135,0.013517,0.013412,0.013435,2757.48607105
1559163600,1559167199,0.01345,0.01348,0.013376,0.01339,943.50631518
1559167200,1559170799,0.01339,0.01343,0.013373,0.01338,1117.65370471
1559170800,1559174399,0.013383,0.013404,0.013216,0.0133,1751.24701297
1559174400,1559177999,0.013305,0.013525,0.01319,0.013524,3411.90198516
1559178000,1559181599,0.013514,0.013525,0.013262,0.01336,4036.54651211
1559181600,1559185199,0.013309,0.013373,0.013301,0.013339,1341.93396638
1559185200,1559188799,0.013331,0.013498,0.01331,0.013403,1167.86093281
1559188800,1559192399,0.013431,0.01355,0.01342,0.013503,2735.31667931
1559192400,1559195999,0.0135,0.013558,0.01336,0.0134,2033.70747174
1559196000,1559199599,0.01341,0.01346,0.01339,0.013439,355.30019039
1559199600,1559203199,0.013438,0.013484,0.013429,0.01346,366.94537563
1559203200,1559206799,0.013459,0.01346,0.013315,0.013377,707.49213553
1559206800,1559210399,0.013384,0.013424,0.01334,0.013424,239.17490765
1559210400,1559213999,0.013413,0.01346,0.013379,0.013396,361.41357063
1559214000,1559217599,0.013394,0.013458,0.01337,0.013381,666.37817466
1559217600,1559221199,0.01339,0.0134,0.01337,0.01338,879.62663509
1559221200,1559224799,0.013378,0.013454,0.013361,0.013388,2753.45634756
1559224800,1559228399,0.013381,0.013453,0.013351,0.013414,2593.73607461
1559228400,1559231999,0.013416,0.013444,0.01333,0.01333,1508.49473453
1559232000,1559235599,0.01333,0.013369,0.01302,0.01323,10819.41324705
1559235600,1559239199,0.013213,0.01323,0.012681,0.013108,8272.94181795
1559239200,1559242799,0.0131,0.01323,0.012983,0.013223,4365.01400413
1559242800,1559246399,0.013224,0.013278,0.013167,0.01318,2879.38584789
1559246400,1559249999,0.013171,0.01318,0.012952,0.013121,6205.27765831
1559250000,1559253599,0.01311,0.013238,0.01273,0.012942,11341.68401551
1559253600,1559257199,0.01296,0.013071,0.01284,0.01296,3673.6174931
1559257200,1559260799,0.012947,0.013124,0.012858,0.013021,1382.93815946
1559260800,1559264399,0.01304,0.013123,0.01298,0.01307,2308.13429477
1559264400,1559267999,0.013073,0.01312,0.01301,0.01301,1052.48740004
1559268000,1559271599,0.01301,0.013102,0.01298,0.013017,1099.00929505
1559271600,1559275199,0.01302,0.013151,0.012835,0.01298,4793.14133738
1559275200,1559278799,0.012976,0.01298,0.012802,0.012887,1651.16401436
1559278800,1559282399,0.01289,0.013028,0.012871,0.01293,1190.86636169
1559282400,1559285999,0.012943,0.013004,0.012918,0.012935,759.71603296
1559286000,1559289599,0.01293,0.012931,0.01283,0.012915,1571.80616209
1559289600,1559293199,0.01291,0.012925,0.012812,0.01283,1127.67955074
1559293200,1559296799,0.01283,0.012857,0.01276,0.012841,826.49118967
1559296800,1559300399,0.01284,0.013094,0.012826,0.01308,1025.70486634
1559300400,1559303999,0.01308,0.01311,0.013013,0.013032,785.46516763
1559304000,1559307599,0.013032,0.0132,0.013032,0.013179,1586.47948731
1559307600,1559311199,0.01317,0.01321,0.013011,0.013041,1058.6852196
1559311200,1559314799,0.013041,0.013188,0.013041,0.01314,477.32497115
1559314800,1559318399,0.013132,0.01319,0.013011,0.013054,764.26577219
1559318400,1559321999,0.013057,0.01306,0.012932,0.013015,1613.48878068
1559322000,1559325599,0.013017,0.013099,0.01301,0.01308,762.14391306
1559325600,1559329199,0.013087,0.01311,0.01301,0.01308,1381.43451677
1559329200,1559332799,0.01309,0.013103,0.013058,0.01306,364.12845784
1559332800,1559336399,0.013074,0.013099,0.013036,0.013076,1082.63103868
1559336400,1559339999,0.013076,0.01322,0.013076,0.013178,2270.33429093
1559340000,1559343599,0.013184,0.0133,0.01314,0.013265,2430.9419369
1559343600,1559347199,0.013269,0.013399,0.01319,0.013387,2177.76361409
1559347200,1559350799,0.013387,0.013545,0.01336,0.013545,1736.8459928
1559350800,1559354399,0.013511,0.013521,0.01337,0.013438,3041.40613831
1559354400,1559357999,0.013435,0.013453,0.01338,0.01344,1208.79342188
1559358000,1559361599,0.013444,0.013509,0.01342,0.01342,2015.75693249
1559361600,1559365199,0.01341,0.013431,0.013357,0.013404,1874.11623647
1559365200,1559368799,0.013406,0.013429,0.01316,0.01325,2770.10542244
1559368800,1559372399,0.01325,0.013296,0.01313,0.01328,1519.00434643
1559372400,1559375999,0.01327,0.01335,0.01325,0.01333,969.05155556
1559376000,1559379599,0.01333,0.013348,0.013276,0.013328,357.32546143
1559379600,1559383199,0.013323,0.013371,0.013268,0.013274,917.22554207
1559383200,1559386799,0.013272,0.013308,0.013206,0.01326,1784.23093249
1559386800,1559390399,0.013254,0.013308,0.01322,0.01329,924.51302274
1559390400,1559393999,0.01329,0.013322,0.01327,0.01328,687.27114806
1559394000,1559397599,0.013282,0.013305,0.013232,0.01328,928.61800469
1559397600,1559401199,0.01328,0.013284,0.013105,0.013191,1620.81909211
1559401200,1559404799,0.01319,0.013231,0.013171,0.013205,832.04695649
1559404800,1559408399,0.01321,0.01327,0.01321,0.01323,1705.95997478
1559408400,1559411999,0.013242,0.013283,0.01316,0.013226,1678.41235159
1559412000,1559415599,0.01322,0.01326,0.013178,0.013184,1759.13605512
1559415600,1559419199,0.013199,0.013221,0.013126,0.01315,2114.89248064
1559419200,1559422799,0.013143,0.013221,0.013141,0.013214,1035.7001779
1559422800,1559426399,0.013223,0.013254,0.013176,0.01318,627.04958393
1559426400,1559429999,0.01318,0.01332,0.013156,0.01332,1584.19261178
1559430000,1559433599,0.01332,0.013327,0.01307,0.01314,2693.39889342
1559433600,1559437199,0.01314,0.01322,0.013128,0.013185,1387.2380035
1559437200,1559440799,0.013198,0.013226,0.01316,0.013185,1481.73394918
1559440800,1559444399,0.013181,0.013182,0.013067,0.013129,1263.0861332
1559444400,1559447999,0.01312,0.013129,0.01305,0.013092,750.58104543
1559448000,1559451599,0.013091,0.013156,0.01308,0.013116,458.74399844
1559451600,1559455199,0.01311,0.013197,0.013096,0.01318,288.68311285
1559455200,1559458799,0.01319,0.013211,0.01317,0.013181,466.94719562
1559458800,1559462399,0.013179,0.01326,0.013136,0.01323,2472.25400571
1559462400,1559465999,0.01323,0.013299,0.01323,0.013245,2417.61819355
1559466000,1559469599,0.01326,0.01329,0.013196,0.013206,1883.92700811
1559469600,1559473199,0.013201,0.013228,0.01313,0.013182,1109.44296241
1559473200,1559476799,0.013179,0.013198,0.01316,0.013174,319.45834333
1559476800,1559480399,0.013165,0.013221,0.013134,0.013176,2034.88363041
1559480400,1559483999,0.01318,0.01321,0.013071,0.013137,1978.21781859
1559484000,1559487599,0.01315,0.01319,0.013101,0.01315,986.29834475
1559487600,1559491199,0.01316,0.013167,0.01308,0.013107,1226.28430028
1559491200,1559494799,0.013099,0.013149,0.013078,0.01311,366.33507458
1559494800,1559498399,0.013125,0.013141,0.013095,0.01311,712.02023571
1559498400,1559501999,0.013108,0.013155,0.013062,0.013136,914.7726876
1559502000,1559505599,0.013128,0.013155,0.013052,0.013095,1005.89610702
1559505600,1559509199,0.013099,0.01311,0.013071,0.01308,566.42296068
1559509200,1559512799,0.01308,0.013138,0.013033,0.013088,1593.35165498
1559512800,1559516399,0.013088,0.013123,0.013087,0.013122,996.54580984
1559516400,1559519999,0.013111,0.01315,0.013101,0.01311,427.75959663
1559520000,1559523599,0.01311,0.013132,0.0131,0.01311,970.87797224
1559523600,1559527199,0.013101,0.01316,0.013101,0.013122,978.44573771
1559527200,1559530799,0.013127,0.0132,0.01312,0.013195,1844.17785441
1559530800,1559534399,0.013195,0.01338,0.013195,0.01329,2650.34281598
1559534400,1559537999,0.013288,0.013315,0.01321,0.01328,2152.66080799
1559538000,1559541599,0.01328,0.013346,0.013271,0.01331,1810.43729533
1559541600,1559545199,0.013311,0.013339,0.013245,0.01326,2851.626567
1559545200,1559548799,0.013251,0.013251,0.01305,0.01314,6291.54887729
1559548800,1559552399,0.013146,0.013206,0.013135,0.013145,496.88373659
1559552400,1559555999,0.01315,0.013228,0.013133,0.013211,365.19407465
1559556000,1559559599,0.013227,0.01333,0.013187,0.013224,3614.6650279
1559559600,1559563199,0.01323,0.013256,0.01322,0.01324,1140.5775117
1559563200,1559566799,0.01324,0.01324,0.013178,0.013195,3010.93238846
1559566800,1559570399,0.013197,0.013199,0.01312,0.01317,1088.15034711
1559570400,1559573999,0.013162,0.013205,0.013046,0.013113,2538.77863679
1559574000,1559577599,0.013125,0.01315,0.013106,0.013107,619.54206964
1559577600,1559581199,0.013101,0.013195,0.013062,0.01314,2122.83316415
1559581200,1559584799,0.01314,0.013164,0.013054,0.013054,1779.8862854
1559584800,1559588399,0.01306,0.01309,0.013041,0.01306,1000.57754967
1559588400,1559591999,0.013065,0.013075,0.013012,0.013075,708.37306731
1559592000,1559595599,0.013074,0.013119,0.013039,0.013039,833.51911983
1559595600,1559599199,0.013053,0.013146,0.013014,0.0131,553.61271645
1559599200,1559602799,0.013098,0.013099,0.01298,0.01299,1147.24504367
1559602800,1559606399,0.01299,0.013113,0.01283,0.01304,11062.35122219
1559606400,1559609999,0.01305,0.01325,0.012995,0.0132,7378.9747848
1559610000,1559613599,0.013204,0.013238,0.013111,0.01316,2681.73809524
1559613600,1559617199,0.013158,0.013209,0.013116,0.01314,525.94966971
1559617200,1559620799,0.013127,0.013139,0.012981,0.013006,858.44046967
1559620800,1559624399,0.012987,0.013099,0.012987,0.013071,4053.80003126
1559624400,1559627999,0.01307,0.013099,0.013001,0.01301,3217.65211942
1559628000,1559631599,0.013001,0.013026,0.01286,0.012948,2712.70749408
1559631600,1559635199,0.01295,0.013053,0.012876,0.01301,2863.52072738
1559635200,1559638799,0.013025,0.013127,0.013007,0.013007,1350.20790311
1559638800,1559642399,0.013017,0.013193,0.013,0.01316,1047.07561262
1559642400,1559645999,0.013161,0.013224,0.013161,0.013183,698.86757799
1559646000,1559649599,0.01319,0.01321,0.013129,0.013134,409.47967789
1559649600,1559653199,0.013134,0.013217,0.013134,0.013183,1552.50447626
1559653200,1559656799,0.013179,0.013237,0.013152,0.01319,2500.75469205
1559656800,1559660399,0.013175,0.013195,0.013113,0.01314,465.45784686
1559660400,1559663999,0.01313,0.013149,0.013104,0.013111,798.33172845
1559664000,1559667599,0.013119,0.01315,0.013106,0.013147,1538.06585
1559667600,1559671199,0.01315,0.013275,0.01312,0.01324,11999.89065266
1559671200,1559674799,0.01325,0.013315,0.0132,0.0132,2993.80851394
1559674800,1559678399,0.013219,0.013227,0.012995,0.01308,8873.52820625
1559678400,1559681999,0.01309,0.013189,0.013057,0.013189,3978.95753148
1559682000,1559685599,0.01318,0.01323,0.01313,0.013181,3880.96108252
1559685600,1559689199,0.01316,0.013183,0.0131,0.01315,3786.80548461
1559689200,1559692799,0.01316,0.013309,0.01311,0.013291,1477.51550291
1559692800,1559696399,0.013293,0.013319,0.013179,0.013179,1630.76982665
1559696400,1559699999,0.013179,0.013196,0.013104,0.01312,969.24981308
1559700000,1559703599,0.01312,0.013206,0.01311,0.013117,2242.81379028
1559703600,1559707199,0.013114,0.01319,0.013105,0.013184,738.22944915
1559707200,1559710799,0.01317,0.013181,0.0131,0.0131,318.97971249
1559710800,1559714399,0.01312,0.013161,0.013102,0.013131,443.12147066
1559714400,1559717999,0.01313,0.013164,0.013101,0.013112,622.89059603
1559718000,1559721599,0.01311,0.01342,0.01311,0.0133,2654.44763044
1559721600,1559725199,0.0133,0.01331,0.013204,0.01325,903.95731643
1559725200,1559728799,0.01326,0.013313,0.01326,0.01329,707.39143126
1559728800,1559732399,0.01327,0.013378,0.01327,0.013325,609.63334521
1559732400,1559735999,0.013317,0.013358,0.013267,0.013281,1706.40366413
1559736000,1559739599,0.013292,0.013293,0.013148,0.01315,1861.70457289
1559739600,1559743199,0.01315,0.013259,0.01309,0.01317,2322.88523224
1559743200,1559746799,0.013168,0.013249,0.013149,0.013227,949.23984921
1559746800,1559750399,0.01322,0.013236,0.01318,0.01318,896.32275053
1559750400,1559753999,0.013167,0.0133,0.013167,0.0132,1956.19310678
1559754000,1559757599,0.01321,0.013211,0.013159,0.01319,713.49601364
1559757600,1559761199,0.013175,0.013265,0.013175,0.01325,738.8439994
1559761200,1559764799,0.01323,0.01325,0.0132,0.01324,1292.3443272
1559764800,1559768399,0.013227,0.013316,0.01317,0.01324,4804.30765791
1559768400,1559771999,0.013234,0.013375,0.013228,0.013339,2131.44025326
1559772000,1559775599,0.013336,0.01335,0.013318,0.013332,375.90386914
1559775600,1559779199,0.01333,0.01335,0.01329,0.013326,1044.86322849
1559779200,1559782799,0.01331,0.013372,0.013286,0.013312,446.2615451
1559782800,1559786399,0.01331,0.013383,0.013294,0.01335,597.61212891
1559786400,1559789999,0.01335,0.013408,0.013317,0.013401,1649.66057166
1559790000,1559793599,0.013409,0.013445,0.013371,0.013387,1600.47897761
1559793600,1559797199,0.01339,0.01339,0.013284,0.01332,818.92618455
1559797200,1559800799,0.01331,0.013344,0.013293,0.013333,339.99766925
1559800800,1559804399,0.01333,0.013383,0.01332,0.01337,138.11789366
1559804400,1559807999,0.013362,0.013388,0.013323,0.013348,376.77842507
1559808000,1559811599,0.013318,0.013381,0.01328,0.013317,1256.38702405
1559811600,1559815199,0.01332,0.01337,0.01332,0.013338,405.07403002
1559815200,1559818799,0.013329,0.013349,0.01329,0.01333,261.24557148
1559818800,1559822399,0.01333,0.013338,0.013302,0.013325,383.78777728
1559822400,1559825999,0.013326,0.013349,0.013285,0.01331,2990.1461666
1559826000,1559829599,0.013304,0.013319,0.013246,0.013292,1558.7431932
1559829600,1559833199,0.013295,0.013345,0.01328,0.01331,1573.56547966
1559833200,1559836799,0.01332,0.013394,0.013298,0.013394,955.87766443
1559836800,1559840399,0.013394,0.013525,0.013362,0.013503,2613.80644557
1559840400,1559843999,0.0135,0.01353,0.013447,0.01346,2493.77987593
1559844000,1559847599,0.013463,0.01363,0.01342,0.013612,4707.86513325
1559847600,1559851199,0.013616,0.013696,0.013573,0.01361,1757.12583088
1559851200,1559854799,0.01361,0.01366,0.01357,0.013641,1742.06635989
1559854800,1559858399,0.013654,0.014279,0.013651,0.01407,10901.44650269
1559858400,1559861999,0.01407,0.014329,0.013987,0.014297,6755.73127909
1559862000,1559865599,0.014278,0.014582,0.014254,0.014271,10563.97365884
1559865600,1559869199,0.014271,0.0143,0.014114,0.01413,4773.34899074
1559869200,1559872799,0.014134,0.014249,0.014134,0.014192,552.29527201
1559872800,1559876399,0.014207,0.014287,0.014188,0.014241,887.45025229
1559876400,1559879999,0.014229,0.014262,0.014178,0.0142,2605.03828219
1559880000,1559883599,0.0142,0.01429,0.014188,0.01421,2326.57256468
1559883600,1559887199,0.0142,0.014323,0.014192,0.014306,1909.62818244
1559887200,1559890799,0.0143,0.014561,0.0143,0.014412,7107.6909819
1559890800,1559894399,0.0144,0.01442,0.01428,0.014333,2306.87994745
1559894400,1559897999,0.014339,0.014365,0.01414,0.01417,1498.51698708
1559898000,1559901599,0.014178,0.014243,0.01417,0.014223,664.47908332
1559901600,1559905199,0.014221,0.01427,0.0142,0.014214,484.99672198
1559905200,1559908799,0.014209,0.01434,0.014193,0.014321,1178.28700511
1559908800,1559912399,0.014321,0.014487,0.014306,0.01442,3211.36296718
1559912400,1559915999,0.014425,0.014589,0.01439,0.014582,4716.98318939
1559916000,1559919599,0.014586,0.014588,0.014454,0.014545,1665.27648177
1559919600,1559923199,0.014557,0.014631,0.014488,0.014611,2224.89938794
1559923200,1559926799,0.014614,0.014888,0.014578,0.014809,10487.632506
1559926800,1559930399,0.0148,0.014819,0.014711,0.014747,4656.85301312
1559930400,1559933999,0.014748,0.014925,0.014748,0.014878,5750.69770539
1559934000,1559937599,0.014878,0.014902,0.014501,0.014552,5784.97406051
1559937600,1559941199,0.01456,0.0147,0.014494,0.014501,4902.6825414
1559941200,1559944799,0.014508,0.014668,0.014461,0.014593,2843.39620758
1559944800,1559948399,0.014603,0.014789,0.014595,0.014748,4089.8957941
1559948400,1559951999,0.014751,0.014838,0.014624,0.014643,2751.14480369
1559952000,1559955599,0.014627,0.014768,0.014562,0.01467,5146.52808175
1559955600,1559959199,0.014695,0.01476,0.014618,0.014624,2319.07454589
1559959200,1559962799,0.014624,0.014677,0.01455,0.01462,4186.96979045
1559962800,1559966399,0.014624,0.014785,0.014621,0.01465,3549.36457364
1559966400,1559969999,0.01465,0.014775,0.01464,0.014713,1158.17667988
1559970000,1559973599,0.01471,0.014797,0.014663,0.014663,1647.36995598
1559973600,1559977199,0.014671,0.014716,0.014495,0.014495,1529.32410326
1559977200,1559980799,0.014497,0.014625,0.014421,0.0146,3346.7151389
1559980800,1559984399,0.0146,0.014711,0.0146,0.01468,812.89667489
1559984400,1559987999,0.014674,0.014701,0.01462,0.014699,385.27745534
1559988000,1559991599,0.01469,0.014709,0.014559,0.014568,1205.96186131
1559991600,1559995199,0.014577,0.01466,0.014561,0.01466,2559.01091398
1559995200,1559998799,0.01466,0.01469,0.01461,0.01466,2002.03575765
1559998800,1560002399,0.014687,0.014721,0.01466,0.01467,1786.04338967
1560002400,1560005999,0.014679,0.014679,0.014546,0.014575,2203.95632771
1560006000,1560009599,0.014575,0.014623,0.014528,0.014616,1713.28142443
1560009600,1560013199,0.014617,0.014635,0.014492,0.0146,1956.97709477
1560013200,1560016799,0.0146,0.0147,0.0146,0.014688,772.21405833
1560016800,1560020399,0.01467,0.014749,0.014661,0.014716,2510.41425753
1560020400,1560023999,0.014718,0.014735,0.01469,0.014717,1291.09371755
1560024000,1560027599,0.01471,0.014987,0.014691,0.01498,3147.08933166
1560027600,1560031199,0.014981,0.015186,0.0149,0.014986,15379.44067521
1560031200,1560034799,0.015012,0.015066,0.014882,0.01492,2726.90078257
1560034800,1560038399,0.01494,0.014975,0.014905,0.014956,2144.25440855
1560038400,1560041999,0.01497,0.015024,0.014859,0.01489,4556.60178936
1560042000,1560045599,0.01489,0.01493,0.014866,0.014897,423.01392309
1560045600,1560049199,0.014881,0.014881,0.014681,0.01469,1572.05472731
1560049200,1560052799,0.014687,0.014846,0.014677,0.014846,627.60633597
1560052800,1560056399,0.01483,0.01486,0.014789,0.01483,741.16256085
1560056400,1560059999,0.014833,0.014851,0.01481,0.014837,757.32192358
1560060000,1560063599,0.01485,0.01487,0.01478,0.014847,744.75764055
1560063600,1560067199,0.014849,0.014975,0.01482,0.014975,1225.24598892
1560067200,1560070799,0.01497,0.014975,0.01489,0.01491,1917.41774568
1560070800,1560074399,0.014917,0.014975,0.014867,0.01489,654.4214853
1560074400,1560077999,0.01488,0.014947,0.01487,0.014891,745.69507336
1560078000,1560081599,0.0149,0.015,0.014888,0.01494,1224.61768459
1560081600,1560085199,0.014934,0.01499,0.0149,0.01495,1721.02271497
1560085200,1560088799,0.014959,0.014994,0.01487,0.014932,2557.63291322
1560088800,1560092399,0.014953,0.015004,0.01492,0.015003,2279.71728515
1560092400,1560095999,0.015004,0.015038,0.014967,0.01497,1547.93520301
1560096000,1560099599,0.01497,0.01501,0.014714,0.01486,5909.3603453
1560099600,1560103199,0.01487,0.014935,0.01479,0.01484,3834.00358727
1560103200,1560106799,0.014849,0.014918,0.014841,0.014896,996.75113206
1560106800,1560110399,0.014889,0.014995,0.014841,0.01498,2511.51610737
1560110400,1560113999,0.01498,0.014995,0.014829,0.014883,2139.38383625
1560114000,1560117599,0.01488,0.01493,0.01483,0.014902,477.39791961
1560117600,1560121199,0.01492,0.014995,0.014865,0.01499,3939.23493916
1560121200,1560124799,0.014982,0.015061,0.014973,0.01504,3653.08560459
1560124800,1560128399,0.01503,0.01504,0.014949,0.015021,2577.3920889
1560128400,1560131999,0.01502,0.015041,0.014975,0.015015,407.62540198
1560132000,1560135599,0.015022,0.015136,0.015019,0.015075,1254.08756523
1560135600,1560139199,0.015077,0.015221,0.015077,0.01518,7178.18178279
1560139200,1560142799,0.01518,0.01525,0.015156,0.015245,2998.33148681
1560142800,1560146399,0.01524,0.015256,0.015142,0.01517,1299.76038356
1560146400,1560149999,0.01517,0.01521,0.015152,0.015171,979.5296134
1560150000,1560153599,0.01517,0.01522,0.015141,0.01516,863.14638135
1560153600,1560157199,0.01516,0.01521,0.01515,0.015189,780.11271751
1560157200,1560160799,0.01519,0.01521,0.015054,0.01509,1087.2587297
1560160800,1560164399,0.01509,0.015101,0.015002,0.015065,2834.11452298
1560164400,1560167999,0.01504,0.015835,0.01502,0.015758,20667.42598786
1560168000,1560171599,0.015747,0.015928,0.015537,0.015836,11805.25350689
1560171600,1560175199,0.01584,0.015854,0.015686,0.015853,12377.64007724
1560175200,1560178799,0.015849,0.015999,0.015846,0.015945,4924.52527264
1560178800,1560182399,0.015942,0.01605,0.015821,0.015944,10268.77041984
1560182400,1560185999,0.01594,0.01617,0.015848,0.01596,7552.0946119
1560186000,1560189599,0.01594,0.01602,0.015936,0.015994,5587.95051579
1560189600,1560193199,0.016,0.016009,0.01591,0.015979,4316.01477433
1560193200,1560196799,0.015983,0.016,0.01587,0.0159,3134.33627047
1560196800,1560200399,0.01591,0.015936,0.015721,0.015801,3144.9703606
1560200400,1560203999,0.015811,0.015901,0.01571,0.015882,3350.56632402
1560204000,1560207599,0.015899,0.015972,0.015845,0.015878,1270.39159768
1560207600,1560211199,0.015875,0.016301,0.015867,0.01618,5610.80180372
1560211200,1560214799,0.01618,0.01622,0.016049,0.016116,2896.72216341
1560214800,1560218399,0.016116,0.016161,0.016039,0.016125,3980.38894228
1560218400,1560221999,0.016126,0.016189,0.016081,0.016091,1351.8969049
1560222000,1560225599,0.016111,0.016135,0.015959,0.01607,2627.76882874
1560225600,1560229199,0.016071,0.016189,0.01607,0.01613,1202.65907078
1560229200,1560232799,0.01614,0.01631,0.01612,0.016308,1868.16119621
1560232800,1560236399,0.016303,0.016304,0.01615,0.016254,2087.19836328
1560236400,1560239999,0.01625,0.016258,0.016152,0.016233,3445.63248642
1560240000,1560243599,0.01623,0.016305,0.016223,0.01628,1165.46774801
1560243600,1560247199,0.016283,0.01634,0.016203,0.016225,1199.41822188
1560247200,1560250799,0.016222,0.016323,0.01612,0.016303,5445.70719909
1560250800,1560254399,0.0163,0.01638,0.016271,0.016369,3153.14002376
1560254400,1560257999,0.016372,0.016383,0.01633,0.016357,2183.19912435
1560258000,1560261599,0.016345,0.01641,0.016335,0.016403,1769.44459222
1560261600,1560265199,0.0164,0.01654,0.016389,0.01645,5344.44705432
1560265200,1560268799,0.01645,0.01652,0.016432,0.01647,3055.88161325
1560268800,1560272399,0.01648,0.017081,0.016435,0.017004,11889.43985113
1560272400,1560275999,0.017011,0.0172,0.016821,0.017194,12366.97232717
1560276000,1560279599,0.0172,0.017347,0.016949,0.017148,13934.59386215
1560279600,1560283199,0.01714,0.017419,0.01709,0.017357,7389.62836613
1560283200,1560286799,0.017349,0.017536,0.017277,0.017428,10822.45910416
1560286800,1560290399,0.017413,0.01747,0.01721,0.01725,8037.37319135
1560290400,1560293999,0.01726,0.017344,0.017176,0.017228,5105.18661287
1560294000,1560297599,0.017215,0.017286,0.017157,0.017216,2965.49215077
1560297600,1560301199,0.01721,0.017344,0.017164,0.017207,6315.46993884
1560301200,1560304799,0.017205,0.01747,0.017197,0.017367,3907.70795104
1560304800,1560308399,0.017367,0.017546,0.017367,0.017429,7146.6103854
1560308400,1560311999,0.017414,0.017521,0.017355,0.017477,5016.21033423
1560312000,1560315599,0.01748,0.0176,0.01748,0.0176,3980.32520535
1560315600,1560319199,0.01759,0.01776,0.017546,0.017596,5252.63626814
1560319200,1560322799,0.017589,0.017589,0.01725,0.01738,4425.41669069
1560322800,1560326399,0.017384,0.01748,0.017361,0.01741,1605.54751889
1560326400,1560329999,0.01741,0.017446,0.017265,0.017265,1743.27827538
1560330000,1560333599,0.01726,0.017478,0.017131,0.017366,4776.82442337
1560333600,1560337199,0.017389,0.017463,0.017327,0.017377,2560.00665008
1560337200,1560340799,0.017392,0.01745,0.017344,0.01745,2592.4810929
1560340800,1560344399,0.01745,0.017509,0.017246,0.017322,5222.23678146
1560344400,1560347999,0.017313,0.017418,0.017302,0.01736,3312.39383674
1560348000,1560351599,0.017362,0.017458,0.017331,0.017415,3857.43132841
1560351600,1560355199,0.01741,0.0175,0.017263,0.017434,9723.90109873
1560355200,1560358799,0.017434,0.01747,0.017271,0.017295,9444.90930154
1560358800,1560362399,0.017295,0.017305,0.016583,0.016918,31180.20850178
1560362400,1560365999,0.016906,0.017,0.01683,0.016948,5637.57602481
1560366000,1560369599,0.01694,0.017,0.016704,0.016763,5518.07731705
1560369600,1560373199,0.016744,0.016762,0.016056,0.016506,26385.40451041
1560373200,1560376799,0.016527,0.01664,0.016308,0.01644,8275.7222325
